"SiteCode","MN","k","S_SAD.obs","GOF","p.value_mean","p.value_var","S_mean","S_var","p","J","S","DA","d","U_med","U_var"
"BAjuss","EE",0.05,265,100,0.812005931419704,0.0544112987343682,180.24,113.477171717172,0.859421049020215,1198,182,1198,14.231604454168,0.008430781,5.99105108766665e-08
"BAjuss","EE",0.5,265,81,0.203621627229407,0.0340277406589738,183.87,89.6293939393939,0.859421049020215,1198,182,1198,3.01206305919873,0.02518362,1.41063965066667e-06
"BAjuss","EE",0.99,265,63,0.119826526182164,0.0158307031104966,177.77,104.603131313131,0.859421049020215,1198,182,1198,0.740501875152968,0.009960235,3.86488754055557e-08
"BAjuss","EI",0.05,265,87,0.189370073307991,0.0191474421167464,349.78,170.395555555556,0.859421049020215,1198,182,1198,14.231604454168,0.008430781,5.99105108766665e-08
"BAjuss","EI",0.5,265,14,0.0309418468931222,0.00599020532422376,117.4,74.7474747474748,0.859421049020215,1198,182,1198,3.01206305919873,0.02518362,1.41063965066667e-06
"BAjuss","EI",0.99,265,1,0.00242912441784422,8.25408122380892e-05,38.74,26.2549494949495,0.859421049020215,1198,182,1198,0.740501875152968,0.009960235,3.86488754055557e-08
"BAlenc4","EE",0.05,150,100,0.625967814927238,0.0579511753606347,61.11,56.220101010101,0.159514416903022,893,61,866.990291262136,16.5923663726167,0.01034104,5.8077893333333e-09
"BAlenc4","EE",0.5,150,100,0.647005821091577,0.0730299443545398,61.15,52.4318181818182,0.159514416903022,893,61,866.990291262136,3.56145282918469,0.01239553,1.91894673444445e-07
"BAlenc4","EE",0.99,150,79,0.224210852955591,0.0408294983014496,58.7,42.979797979798,0.159514416903022,893,61,866.990291262136,0.866766704334387,0.003730557,2.43211112677778e-08
"BAlenc4","EI",0.05,150,99,0.695427336642265,0.0798447103481512,97.43,62.7324242424242,0.159514416903022,893,61,866.990291262136,16.5923663726167,0.01034104,5.8077893333333e-09
"BAlenc4","EI",0.5,150,32,0.0532733817661502,0.00852152347563824,28.07,23.7627272727273,0.159514416903022,893,61,866.990291262136,3.56145282918469,0.01239553,1.91894673444445e-07
"BAlenc4","EI",0.99,150,40,0.11413691502758,0.0398709656095819,9.18,7.84606060606061,0.159514416903022,893,61,866.990291262136,0.866766704334387,0.003730557,2.43211112677778e-08
"BAuruc","EE",0.05,458,32,0.0609487474552465,0.010378499584187,231.93,139.560707070707,0.769444718591026,1784,230,1784,11.7307748140472,0.008950945,6.27527227166665e-08
"BAuruc","EE",0.5,458,4,0.00938741627440906,0.00100458870560453,232.02,151.292525252525,0.769444718591026,1784,230,1784,2.46410626901199,0.02277479,1.28951499877778e-06
"BAuruc","EE",0.99,458,4,0.0137789648772937,0.00387141125373699,233.83,158.748585858586,0.769444718591026,1784,230,1784,0.611170253214979,0.008376832,6.50448626400001e-08
"BAuruc","EI",0.05,458,100,0.493539940429961,0.0468388029121259,430.22,337.688484848485,0.769444718591026,1784,230,1784,11.7307748140472,0.008950945,6.27527227166665e-08
"BAuruc","EI",0.5,458,1,0.00182245842602835,6.2203613157151e-05,136.62,105.086464646465,0.769444718591026,1784,230,1784,2.46410626901199,0.02277479,1.28951499877778e-06
"BAuruc","EI",0.99,458,0,0.000391152324249832,1.21901328507943e-06,46.3,28.6161616161616,0.769444718591026,1784,230,1784,0.611170253214979,0.008376832,6.50448626400001e-08
"ESsoor","EE",0.05,265,98,0.797369012983708,0.0588135655255137,228.21,187.298888888889,1,1468,226,1468,12.9109987103333,0.010101557,2.20453000423333e-07
"ESsoor","EE",0.5,265,85,0.250719933425848,0.0407148930349235,225.73,133.936464646465,1,1468,226,1468,2.71697548656346,0.02970991,8.40810329888889e-07
"ESsoor","EE",0.99,265,78,0.241218611620792,0.0573253706062947,219.77,130.279898989899,1,1468,226,1468,0.670250556376475,0.01045576,8.75813871111113e-08
"ESsoor","EI",0.05,265,4,0.0104267818784764,0.000252317503705819,442.4,283.575757575758,1,1468,226,1468,12.9109987103333,0.010101557,2.20453000423333e-07
"ESsoor","EI",0.5,265,28,0.0480048703078368,0.00424515827237427,149.43,109.075858585859,1,1468,226,1468,2.71697548656346,0.02970991,8.40810329888889e-07
"ESsoor","EI",0.99,265,0,0.00228234870352894,4.03445330869038e-05,50.28,39.860202020202,1,1468,226,1468,0.670250556376475,0.01045576,8.75813871111113e-08
"MGarap1","EE",0.05,94,100,0.833908762355476,0.034163142218164,92.05,80.7752525252525,0.728749442631224,2080,92,2080,10.7964483510617,0.002612616,4.33973229333333e-09
"MGarap1","EE",0.5,94,42,0.0973006855585386,0.0184343684005478,89.92,58.9430303030303,0.728749442631224,2080,92,2080,2.29517632263241,0.003935718,8.35200241733333e-08
"MGarap1","EE",0.99,94,57,0.155295007894844,0.0422548772256049,91.99,55.7271717171717,0.728749442631224,2080,92,2080,0.560507741767309,0.001494483,1.20411057344444e-08
"MGarap1","EI",0.05,94,0,0.0035739465102639,7.82393711782241e-06,449.71,266.00595959596,0.728749442631224,2080,92,2080,10.7964483510617,0.002612616,4.33973229333333e-09
"MGarap1","EI",0.5,94,100,0.803214053090697,0.036513204436304,145.22,90.3753535353535,0.728749442631224,2080,92,2080,2.29517632263241,0.003935718,8.35200241733333e-08
"MGarap1","EI",0.99,94,63,0.17786003544866,0.0346450334320623,47,37.2727272727273,0.728749442631224,2080,92,2080,0.560507741767309,0.001494483,1.20411057344444e-08
"MGperd1","EE",0.05,355,28,0.0601250274976555,0.0119702468706435,126.75,93.4015151515152,0.806018045548929,2965,127,2470.83333333333,10.0095301233526,0.003020423,3.22703942333334e-09
"MGperd1","EE",0.5,355,0,4.81548836021373e-05,6.31981750306493e-08,124.53,78.4132323232323,0.806018045548929,2965,127,2470.83333333333,2.10883964947758,0.004182006,2.58037553822223e-08
"MGperd1","EE",0.99,355,0,1.56607588236657e-05,5.53206697453793e-09,125.66,91.7822222222222,0.806018045548929,2965,127,2470.83333333333,0.516533900730306,0.001541755,6.44637089444445e-09
"MGperd1","EI",0.05,355,0,0.000418943471367309,4.25431224943587e-07,692.09,420.567575757576,0.806018045548929,2965,127,2470.83333333333,10.0095301233526,0.003020423,3.22703942333334e-09
"MGperd1","EI",0.5,355,6,0.0185476441044267,0.000885181846452695,222.43,160.065757575758,0.806018045548929,2965,127,2470.83333333333,2.10883964947758,0.004182006,2.58037553822223e-08
"MGperd1","EI",0.99,355,1,0.000966888026219859,3.55877619912658e-05,72.2,45.030303030303,0.806018045548929,2965,127,2470.83333333333,0.516533900730306,0.001541755,6.44637089444445e-09
"MGuberl1","EE",0.05,89,73,0.213860941219326,0.0574643492437802,88.11,106.523131313131,0.234288719011765,1379,87,1253.63636363636,14.1301530079544,0.01409951,8.52076054444444e-08
"MGuberl1","EE",0.5,89,84,0.293558464464193,0.0610244902564302,87.91,66.5675757575758,0.234288719011765,1379,87,1253.63636363636,2.95120892486673,0.0136072,1.92933113333333e-07
"MGuberl1","EE",0.99,89,100,0.789833981547176,0.0561877603180959,85.37,51.1647474747475,0.234288719011765,1379,87,1253.63636363636,0.723610610691344,0.004003137,1.06451413788889e-08
"MGuberl1","EI",0.05,89,60,0.0857107265901928,0.00499406432717405,180.66,119.438787878788,0.234288719011765,1379,87,1253.63636363636,14.1301530079544,0.01409951,8.52076054444444e-08
"MGuberl1","EI",0.5,89,94,0.522378108176494,0.0908867509062721,50.14,38.8286868686869,0.234288719011765,1379,87,1253.63636363636,2.95120892486673,0.0136072,1.92933113333333e-07
"MGuberl1","EI",0.99,89,72,0.229963151261628,0.0574221585364291,16.1,12.1313131313131,0.234288719011765,1379,87,1253.63636363636,0.723610610691344,0.004003137,1.06451413788889e-08
"MGuberl3","EE",0.05,86,37,0.0687615124200779,0.00896937986469705,81.22,78.7591919191919,0.0180417237953712,975,85,975,15.8757500458072,0.01643158,3.34405040000001e-08
"MGuberl3","EE",0.5,86,99,0.639460913528715,0.0806902010363153,84.27,66.340505050505,0.0180417237953712,975,85,975,3.36711050361698,0.01457848,2.05712551111111e-08
"MGuberl3","EE",0.99,86,100,0.846702176782586,0.036815008156376,85.43,67.9849494949495,0.0180417237953712,975,85,975,0.826024064223155,0.005321612,6.52238535111111e-09
"MGuberl3","EI",0.05,86,74,0.208017069114734,0.0342273699179219,19.23,20.5425252525253,0.0180417237953712,975,85,975,15.8757500458072,0.01643158,3.34405040000001e-08
"MGuberl3","EI",0.5,86,67,0.260595004686756,0.079181784638363,4.91,4.24434343434343,0.0180417237953712,975,85,975,3.36711050361698,0.01457848,2.05712551111111e-08
"MGuberl3","EI",0.99,86,80,0.282061038384672,0.0525627255812231,1.85,0.916666666666667,0.0180417237953712,975,85,975,0.826024064223155,0.005321612,6.52238535111111e-09
"MGuberl5","EE",0.05,69,9,0.0146530684902583,0.000678820845669869,68.22,62.84,0.00742437918995731,957,68,957,15.9048772783671,0.01691004,1.28058913777778e-07
"MGuberl5","EE",0.5,69,61,0.163540809707443,0.0364838452495165,65.5,38.1919191919192,0.00742437918995731,957,68,957,3.40059756613116,0.0144346,6.98297111111112e-08
"MGuberl5","EE",0.99,69,86,0.379441035103895,0.104298496947899,66.42,48.1450505050505,0.00742437918995731,957,68,957,0.830243128435876,0.005415018,3.48661210666665e-09
"MGuberl5","EI",0.05,69,71,0.241936477738882,0.0693843781163882,8.94,7.18828282828283,0.00742437918995731,957,68,957,15.9048772783671,0.01691004,1.28058913777778e-07
"MGuberl5","EI",0.5,69,79,0.314675428743707,0.0764366486821578,2.65,1.96717171717172,0.00742437918995731,957,68,957,3.40059756613116,0.0144346,6.98297111111112e-08
"MGuberl5","EI",0.99,69,85,0.246573686226955,0.0226701855395021,1.5,0.535353535353535,0.00742437918995731,957,68,957,0.830243128435876,0.005415018,3.48661210666665e-09
"MGuberl7","EE",0.05,73,76,0.217983660477876,0.0487001584035535,73.43,77.3384848484849,0.0485476800383076,945,73,945,16.1484155165837,0.02002012,3.79010666666629e-10
"MGuberl7","EE",0.5,73,99,0.483242496703248,0.0633028780863153,74.13,57.8718181818182,0.0485476800383076,945,73,945,3.39595464831517,0.01642815,1.80816858333334e-07
"MGuberl7","EE",0.99,73,100,0.62484287101985,0.0626440837709148,73.2,62.8686868686869,0.0485476800383076,945,73,945,0.830694754922217,0.006461864,2.27848184266667e-08
"MGuberl7","EI",0.05,73,94,0.517744015122151,0.0971189235294548,41.89,33.0281818181818,0.0485476800383076,945,73,945,16.1484155165837,0.02002012,3.79010666666629e-10
"MGuberl7","EI",0.5,73,72,0.229268434500806,0.0576930213406307,10.72,7.49656565656566,0.0485476800383076,945,73,945,3.39595464831517,0.01642815,1.80816858333334e-07
"MGuberl7","EI",0.99,73,66,0.24377105873828,0.0734566407657114,3.68,2.3410101010101,0.0485476800383076,945,73,945,0.830694754922217,0.006461864,2.27848184266667e-08
"MGvico1","EE",0.05,94,94,0.49153382905763,0.09202822808022,93.01,89.4645454545455,0.23259121186371,1825,93,1825,11.6417468637537,0.01556226,1.11600684888889e-07
"MGvico1","EE",0.5,94,86,0.235415744824784,0.0486003653358929,93.8,74.5050505050505,0.23259121186371,1825,93,1825,2.45225687300333,0.008478029,2.93085334766666e-08
"MGvico1","EE",0.99,94,21,0.0389279363069856,0.0040418043181878,93.93,70.7122222222222,0.23259121186371,1825,93,1825,0.603747706663905,0.001846128,1.12457365511111e-08
"MGvico1","EI",0.05,94,100,0.564236637663649,0.0235480331039198,195.36,152.495353535354,0.23259121186371,1825,93,1825,11.6417468637537,0.01556226,1.11600684888889e-07
"MGvico1","EI",0.5,94,31,0.0564650088849644,0.00778869735798267,56.07,39.6617171717172,0.23259121186371,1825,93,1825,2.45225687300333,0.008478029,2.93085334766666e-08
"MGvico1","EI",0.99,94,27,0.0503469707695901,0.0101210378982066,17.47,17.0394949494949,0.23259121186371,1825,93,1825,0.603747706663905,0.001846128,1.12457365511111e-08
"MGvico16","EE",0.05,91,100,0.523482562033527,0.0824491629861329,90.94,71.1478787878788,0.21847289239375,1653,91,1653,12.2645675761314,0.009268673,2.92637785344444e-08
"MGvico16","EE",0.5,91,77,0.224449237482244,0.0467704863545559,90.64,62.8185858585859,0.21847289239375,1653,91,1653,2.57321417303925,0.006491457,1.00170451912222e-07
"MGvico16","EE",0.99,91,98,0.441558120298304,0.083799525006409,91.7,53.2222222222222,0.21847289239375,1653,91,1653,0.624144688946216,0.002843117,1.86292174233333e-08
"MGvico16","EI",0.05,91,100,0.557558170605334,0.0143692758530196,176.45,153.84595959596,0.21847289239375,1653,91,1653,12.2645675761314,0.009268673,2.92637785344444e-08
"MGvico16","EI",0.5,91,48,0.118023070453958,0.034771405831404,48,31.6969696969697,0.21847289239375,1653,91,1653,2.57321417303925,0.006491457,1.00170451912222e-07
"MGvico16","EI",0.99,91,40,0.0854406584698502,0.016741427733675,15.52,16.3733333333333,0.21847289239375,1653,91,1653,0.624144688946216,0.002843117,1.86292174233333e-08
"MGvico8","EE",0.05,234,66,0.188651479625143,0.0498517235700636,195.3,165.121212121212,0.313668812302999,2303,195,2303,10.397439874349,0.01390211,5.23572876666666e-08
"MGvico8","EE",0.5,234,29,0.0593845713377837,0.0134406790729327,197.25,122.977272727273,0.313668812302999,2303,195,2303,2.18145074039191,0.0122986,1.97281108888889e-07
"MGvico8","EE",0.99,234,100,0.684407674416733,0.0833074462530582,195.01,137.626161616162,0.313668812302999,2303,195,2303,0.532508844824945,0.006638243,6.89749153444445e-09
"MGvico8","EI",0.05,234,100,0.765990271877144,0.0473470551703432,280.41,234.991818181818,0.313668812302999,2303,195,2303,10.397439874349,0.01390211,5.23572876666666e-08
"MGvico8","EI",0.5,234,13,0.0183879356140578,0.00126202658802286,80.43,56.0253535353535,0.313668812302999,2303,195,2303,2.18145074039191,0.0122986,1.97281108888889e-07
"MGvico8","EI",0.99,234,12,0.034026637040875,0.014617751196146,25.56,23.0165656565657,0.313668812302999,2303,195,2303,0.532508844824945,0.006638243,6.89749153444445e-09
"MSdour","EE",0.05,80,5,0.0123603242969627,0.00177249258062504,74.9,80.1919191919192,0.116734787274334,1016,74,1016,15.6236129449758,0.007213682,3.173418904e-08
"MSdour","EE",0.5,80,100,0.71942478633811,0.069271624463269,73.18,55.4420202020202,0.116734787274334,1016,74,1016,3.29358407924803,0.007448029,2.04044012544444e-08
"MSdour","EE",0.99,80,99,0.678577486286556,0.0714863915917352,74.35,61.239898989899,0.116734787274334,1016,74,1016,0.804469118225193,0.002939679,3.21149080322222e-08
"MSdour","EI",0.05,80,100,0.592531686894103,0.0863692195685857,82.84,63.3478787878788,0.116734787274334,1016,74,1016,15.6236129449758,0.007213682,3.173418904e-08
"MSdour","EI",0.5,80,72,0.176920458844452,0.036380195719301,23.02,19.6763636363636,0.116734787274334,1016,74,1016,3.29358407924803,0.007448029,2.04044012544444e-08
"MSdour","EI",0.99,80,71,0.226697438801702,0.0739162085348242,7.05,4.39141414141414,0.116734787274334,1016,74,1016,0.804469118225193,0.002939679,3.21149080322222e-08
"PEalia","EE",0.05,79,100,0.758986602003564,0.0675634300399852,61.08,53.5288888888889,0.114091406447269,595,60,595,20.3324888004708,0.01176712,1.84713804e-07
"PEalia","EE",0.5,79,100,0.751028974067917,0.0606773127810452,60.91,46.4059595959596,0.114091406447269,595,60,595,4.29264597153747,0.01790501,8.56181343333332e-08
"PEalia","EE",0.99,79,100,0.752377897615759,0.0555696035987051,60.63,32.3162626262626,0.114091406447269,595,60,595,1.05996590128052,0.005856408,1.29075826706667e-07
"PEalia","EI",0.05,79,100,0.728986813697718,0.0502768286527492,61.39,32.8059595959596,0.114091406447269,595,60,595,20.3324888004708,0.01176712,1.84713804e-07
"PEalia","EI",0.5,79,53,0.143136234573327,0.0363914983306469,16.91,14.769595959596,0.114091406447269,595,60,595,4.29264597153747,0.01790501,8.56181343333332e-08
"PEalia","EI",0.99,79,65,0.199306897997689,0.0584002767914073,5.12,3.15717171717172,0.114091406447269,595,60,595,1.05996590128052,0.005856408,1.29075826706667e-07
"PEmata2","EE",0.05,88,100,0.846511262953123,0.0423140755658536,72.74,65.2044444444444,0.21628955738904,1076,75,1076,15.3646410304841,0.007042738,1.2605719964e-07
"PEmata2","EE",0.5,88,100,0.686309786600757,0.0722163370329076,73.38,49.7127272727273,0.21628955738904,1076,75,1076,3.18682574388386,0.008610392,8.15197186222229e-09
"PEmata2","EE",0.99,88,87,0.276036747826198,0.0604896321568095,75.35,50.6944444444444,0.21628955738904,1076,75,1076,0.778390868681794,0.003059572,3.37200887288889e-08
"PEmata2","EI",0.05,88,100,0.74953206186455,0.0151732707041999,136.24,93.3559595959596,0.21628955738904,1076,75,1076,15.3646410304841,0.007042738,1.2605719964e-07
"PEmata2","EI",0.5,88,59,0.158762860466853,0.0506702347750361,37.72,30.9107070707071,0.21628955738904,1076,75,1076,3.18682574388386,0.008610392,8.15197186222229e-09
"PEmata2","EI",0.99,88,53,0.147547972277486,0.040408345832454,11.7,8.51515151515152,0.21628955738904,1076,75,1076,0.778390868681794,0.003059572,3.37200887288889e-08
"PEsvfer","EE",0.05,120,49,0.0949115590230654,0.0168884744841619,91.2,99.2929292929293,0.636673590338369,1288,91,1288,13.8842306321084,0.006799355,1.31714443094444e-07
"PEsvfer","EE",0.5,120,100,0.795300682846097,0.0525319425660203,90.9,68.8787878787879,0.636673590338369,1288,91,1288,2.90890620925512,0.008189361,3.85961769211112e-08
"PEsvfer","EE",0.99,120,98,0.670136127251048,0.0782858793974956,88.85,78.3712121212121,0.636673590338369,1288,91,1288,0.720084969257465,0.003026372,3.23064856844444e-08
"PEsvfer","EI",0.05,120,0,8.28895316373457e-05,1.61071647620854e-08,309.98,227.959191919192,0.636673590338369,1288,91,1288,13.8842306321084,0.006799355,1.31714443094444e-07
"PEsvfer","EI",0.5,120,100,0.821789368834898,0.0366208420907679,97.79,74.41,0.636673590338369,1288,91,1288,2.90890620925512,0.008189361,3.85961769211112e-08
"PEsvfer","EI",0.99,120,63,0.160785694377569,0.0426075273585112,31.94,20.2993939393939,0.636673590338369,1288,91,1288,0.720084969257465,0.003026372,3.23064856844444e-08
"PRanto10","EE",0.05,137,100,0.452588069149578,0.0311995606038211,131.32,132.64404040404,0.923024383580357,1877,132,1877,11.5272470725038,0.004100534,1.04804250711111e-08
"PRanto10","EE",0.5,137,17,0.0274188618445135,0.00162001867391831,131.17,101.677878787879,0.923024383580357,1877,132,1877,2.41323903135901,0.008232359,2.53871531476667e-07
"PRanto10","EE",0.99,137,19,0.0300976515527296,0.00196061158118017,134.22,77.6076767676768,0.923024383580357,1877,132,1877,0.587266177015548,0.003114209,2.06641234322222e-08
"PRanto10","EI",0.05,137,0,0.002004443161283,2.51193480754326e-06,497.24,278.446868686869,0.923024383580357,1877,132,1877,11.5272470725038,0.004100534,1.04804250711111e-08
"PRanto10","EI",0.5,137,87,0.273116949142145,0.0423238730573909,160.43,125.924343434343,0.923024383580357,1877,132,1877,2.41323903135901,0.008232359,2.53871531476667e-07
"PRanto10","EI",0.99,137,15,0.032427072617217,0.00628662801365781,53.27,39.6940404040404,0.923024383580357,1877,132,1877,0.587266177015548,0.003114209,2.06641234322222e-08
"PRanto11","EE",0.05,102,96,0.318609887819322,0.0354906326159819,98.53,84.5344444444444,0.921209867560648,1740,99,1740,11.9125381423777,0.003160991,8.63287021000001e-09
"PRanto11","EE",0.5,102,84,0.225586768868754,0.0462626158202648,98.96,61.8973737373737,0.921209867560648,1740,99,1740,2.50806390227806,0.00568396,1.48657051533333e-07
"PRanto11","EE",0.99,102,95,0.380332707848974,0.067630070487052,98.3,52.5353535353535,0.921209867560648,1740,99,1740,0.622540945954235,0.002371022,7.08383823999999e-09
"PRanto11","EI",0.05,102,0,3.21309944127701e-05,1.71367290830331e-09,470.24,255.537777777778,0.921209867560648,1740,99,1740,11.9125381423777,0.003160991,8.63287021000001e-09
"PRanto11","EI",0.5,102,100,0.814608895436967,0.0214438826833589,155.24,104.224646464646,0.921209867560648,1740,99,1740,2.50806390227806,0.00568396,1.48657051533333e-07
"PRanto11","EI",0.99,102,78,0.248470986916763,0.0594158121212604,51.68,46.6440404040404,0.921209867560648,1740,99,1740,0.622540945954235,0.002371022,7.08383823999999e-09
"PRanto12","EE",0.05,155,88,0.262850098204832,0.0474767289888149,145.03,98.2112121212121,0.974966068885724,1439,143,1439,13.1232195585372,0.006472714,1.47775761377778e-08
"PRanto12","EE",0.5,155,99,0.673479295550778,0.0727064181445877,145.07,101.500101010101,0.974966068885724,1439,143,1439,2.7627855305133,0.01453755,5.44444398333333e-07
"PRanto12","EE",0.99,155,100,0.650364454172403,0.0867959583834127,142.14,92.6064646464646,0.974966068885724,1439,143,1439,0.667856391875624,0.004989617,2.20378448455555e-08
"PRanto12","EI",0.05,155,0,8.60965577128558e-07,3.34527337705145e-12,431.47,201.564747474747,0.974966068885724,1439,143,1439,13.1232195585372,0.006472714,1.47775761377778e-08
"PRanto12","EI",0.5,155,100,0.790514531867248,0.0546400807015049,145.82,94.229898989899,0.974966068885724,1439,143,1439,2.7627855305133,0.01453755,5.44444398333333e-07
"PRanto12","EI",0.99,155,36,0.0722939897790961,0.0111696406865877,48.24,31.6185858585859,0.974966068885724,1439,143,1439,0.667856391875624,0.004989617,2.20378448455555e-08
"PRanto13","EE",0.05,133,99,0.589189259926455,0.0788459332997488,128.27,124.88595959596,0.968871050376109,1673,127,1673,12.2037079354179,0.005649636,2.450648696e-08
"PRanto13","EE",0.5,133,96,0.477637938565571,0.0813747705878523,128.51,79.5857575757576,0.968871050376109,1673,127,1673,2.55009155438798,0.009296307,2.34328537445556e-07
"PRanto13","EE",0.99,133,95,0.499153411251691,0.0973727860204865,126.62,97.7531313131313,0.968871050376109,1673,127,1673,0.631078953232639,0.003398535,1.522154185e-08
"PRanto13","EI",0.05,133,0,1.94660193252916e-05,8.35255359949597e-10,473.52,299.322828282828,0.968871050376109,1673,127,1673,12.2037079354179,0.005649636,2.450648696e-08
"PRanto13","EI",0.5,133,100,0.883744634869923,0.0319477663497663,155.26,120.174141414141,0.968871050376109,1673,127,1673,2.55009155438798,0.009296307,2.34328537445556e-07
"PRanto13","EI",0.99,133,47,0.0934074551897825,0.0118048922506908,52.15,36.5126262626263,0.968871050376109,1673,127,1673,0.631078953232639,0.003398535,1.522154185e-08
"PRanto15","EE",0.05,143,84,0.358335831117903,0.0837385975190352,136.75,115.260101010101,0.942009596537872,1650,140,1650,12.2074207963308,0.005320471,5.30151391433334e-08
"PRanto15","EE",0.5,143,100,0.810314715758567,0.0468649561240966,137.74,82.8610101010101,0.942009596537872,1650,140,1650,2.57590842913561,0.010749399,4.21598312498889e-07
"PRanto15","EE",0.99,143,100,0.818312632669083,0.0460613041046983,139.56,87.1579797979798,0.942009596537872,1650,140,1650,0.633466635259518,0.004027357,4.79830497122222e-08
"PRanto15","EI",0.05,143,0,7.94396909609141e-08,3.65854421224917e-14,462.49,246.373636363636,0.942009596537872,1650,140,1650,12.2074207963308,0.005320471,5.30151391433334e-08
"PRanto15","EI",0.5,143,99,0.662203038114432,0.0844666895864186,151.5,107.545454545455,0.942009596537872,1650,140,1650,2.57590842913561,0.010749399,4.21598312498889e-07
"PRanto15","EI",0.99,143,50,0.0941828556696437,0.022121281672132,50.21,28.8544444444444,0.942009596537872,1650,140,1650,0.633466635259518,0.004027357,4.79830497122222e-08
"PRanto4","EE",0.05,129,94,0.348328324506487,0.0672687512999547,121.75,96.6540404040404,0.9079979592893,1896,119,1896,11.3868145195842,0.004870711,9.5233443211111e-09
"PRanto4","EE",0.5,129,100,0.746128507991316,0.0692811406075619,118.72,61.3753535353535,0.9079979592893,1896,119,1896,2.39058978875995,0.006943779,5.46680643877779e-08
"PRanto4","EE",0.99,129,100,0.815179742538038,0.0487957073496382,118.13,52.8617171717172,0.9079979592893,1896,119,1896,0.590255006215033,0.002476708,2.59237102177778e-08
"PRanto4","EI",0.05,129,0,2.39447168615126e-08,3.07245891408829e-15,495.89,331.21,0.9079979592893,1896,119,1896,11.3868145195842,0.004870711,9.5233443211111e-09
"PRanto4","EI",0.5,129,98,0.479179369360113,0.0786638960299509,160.26,120.921616161616,0.9079979592893,1896,119,1896,2.39058978875995,0.006943779,5.46680643877779e-08
"PRanto4","EI",0.99,129,79,0.252555554299012,0.0568467452795743,53.52,35.7066666666667,0.9079979592893,1896,119,1896,0.590255006215033,0.002476708,2.59237102177778e-08
"PRanto5","EE",0.05,128,99,0.794276199607272,0.057248996340849,125.64,97.000404040404,0.896644888231427,1753,124,1753,11.8200692274669,0.00447744,3.24419460888889e-08
"PRanto5","EE",0.5,128,85,0.326916455372827,0.0769715409359441,124.9,78.8585858585859,0.896644888231427,1753,124,1753,2.50690459007084,0.008363912,3.07644191017778e-07
"PRanto5","EE",0.99,128,88,0.37544754641267,0.0925747736979469,124.66,69.7418181818182,0.896644888231427,1753,124,1753,0.619430899352478,0.002994482,7.05162357333333e-09
"PRanto5","EI",0.05,128,0,1.66167308691822e-05,1.71315860914748e-09,465.19,265.246363636364,0.896644888231427,1753,124,1753,11.8200692274669,0.00447744,3.24419460888889e-08
"PRanto5","EI",0.5,128,100,0.781047114741405,0.0608220309045294,151.54,125.038787878788,0.896644888231427,1753,124,1753,2.50690459007084,0.008363912,3.07644191017778e-07
"PRanto5","EI",0.99,128,57,0.132816765974583,0.0288199471110461,52.15,47.8257575757576,0.896644888231427,1753,124,1753,0.619430899352478,0.002994482,7.05162357333333e-09
"PRanto6","EE",0.05,132,100,0.565920267896288,0.0966933059896648,130.59,94.4059595959596,0.906465210449369,1665,128,1665,12.4361312015137,0.005479239,1.0383709861e-07
"PRanto6","EE",0.5,132,100,0.52880107010651,0.074037939023928,129.98,64.4844444444444,0.906465210449369,1665,128,1665,2.56768581060461,0.009651377,9.91238800677777e-08
"PRanto6","EE",0.99,132,99,0.585611253546964,0.0710128663358397,129.35,81.1792929292929,0.906465210449369,1665,128,1665,0.630356099756747,0.003397405,3.23606710055556e-08
"PRanto6","EI",0.05,132,0,1.10438487222697e-06,1.98930670631458e-11,459.98,356.807676767677,0.906465210449369,1665,128,1665,12.4361312015137,0.005479239,1.0383709861e-07
"PRanto6","EI",0.5,132,99,0.750872474093603,0.0676303278736853,146.33,101.940505050505,0.906465210449369,1665,128,1665,2.56768581060461,0.009651377,9.91238800677777e-08
"PRanto6","EI",0.99,132,65,0.156946266877727,0.0327631768632911,48.98,35.1309090909091,0.906465210449369,1665,128,1665,0.630356099756747,0.003397405,3.23606710055556e-08
"PRanto8","EE",0.05,144,55,0.138748021166168,0.0308531861424789,133.49,116.777676767677,0.955077166221669,1504,134,1504,12.7546763363672,0.004981276,1.54595007377777e-08
"PRanto8","EE",0.5,144,99,0.524554399359543,0.0746961025429205,131.15,76.5530303030303,0.955077166221669,1504,134,1504,2.70220855027984,0.01154157,1.92551795666667e-07
"PRanto8","EE",0.99,144,99,0.582576188356001,0.076439728243911,132.11,82.8867676767677,0.955077166221669,1504,134,1504,0.666709757408329,0.004207475,2.69414299611111e-08
"PRanto8","EI",0.05,144,0,3.02905348107397e-07,1.62094953192526e-12,435.11,293.876666666667,0.955077166221669,1504,134,1504,12.7546763363672,0.004981276,1.54595007377777e-08
"PRanto8","EI",0.5,144,99,0.673894019439309,0.082795751030629,145.7,108.494949494949,0.955077166221669,1504,134,1504,2.70220855027984,0.01154157,1.92551795666667e-07
"PRanto8","EI",0.99,144,34,0.0732106940639392,0.0135781492933821,49.35,34.9974747474747,0.955077166221669,1504,134,1504,0.666709757408329,0.004207475,2.69414299611111e-08
"PRanto9","EE",0.05,140,99,0.667798712081877,0.0829836032432004,134.73,120.077878787879,0.928261175571598,1594,134,1594,12.2518063230405,0.004896577,6.10539635788889e-08
"PRanto9","EE",0.5,140,13,0.0245717616899973,0.00188687001791019,133.09,88.3049494949495,0.928261175571598,1594,134,1594,2.62025607755654,0.01086162,5.11714085666666e-07
"PRanto9","EE",0.99,140,18,0.0315597397624815,0.00430691179131388,133.82,83.8864646464646,0.928261175571598,1594,134,1594,0.642496804724673,0.003919658,3.043008804e-08
"PRanto9","EI",0.05,140,20,0.0314941808371588,0.000571636969355729,439.96,251.75595959596,0.928261175571598,1594,134,1594,12.2518063230405,0.004896577,6.10539635788889e-08
"PRanto9","EI",0.5,140,68,0.17784678322156,0.0413833633115636,148.5,110.030303030303,0.928261175571598,1594,134,1594,2.62025607755654,0.01086162,5.11714085666666e-07
"PRanto9","EI",0.99,140,8,0.0147040625022285,0.00206702511247117,49.89,44.5029292929293,0.928261175571598,1594,134,1594,0.642496804724673,0.003919658,3.043008804e-08
"PRdiam2","EE",0.05,85,18,0.0253934881764803,0.00122837546302769,82.43,86.0657575757576,0.448393813206425,1146,84,1091.42857142857,15.2051947300948,0.004078727,1.51908718233333e-08
"PRdiam2","EE",0.5,85,100,0.779495685497879,0.0430623323463309,84.27,37.4314141414141,0.448393813206425,1146,84,1091.42857142857,3.17106790796082,0.006370463,1.4681394429e-07
"PRdiam2","EE",0.99,85,100,0.797250630184077,0.0342669127690477,85.09,50.7291919191919,0.448393813206425,1146,84,1091.42857142857,0.777705658603916,0.003818114,3.56899966933333e-08
"PRdiam2","EI",0.05,85,0,0.00136231390206311,8.19293785921914e-06,236.74,127.951919191919,0.448393813206425,1146,84,1091.42857142857,15.2051947300948,0.004078727,1.51908718233333e-08
"PRdiam2","EI",0.5,85,99,0.753816790753916,0.0534843133564408,73.79,57.3392929292929,0.448393813206425,1146,84,1091.42857142857,3.17106790796082,0.006370463,1.4681394429e-07
"PRdiam2","EI",0.99,85,78,0.211064962645835,0.0405802485556413,23.76,21.1943434343434,0.448393813206425,1146,84,1091.42857142857,0.777705658603916,0.003818114,3.56899966933333e-08
"PRdiam3","EE",0.05,77,31,0.0511263952651976,0.0064908415057956,74.34,65.8024242424242,0.328788995096578,1124,74,1040.74074074074,15.5650411949585,0.005889354,9.08275513777776e-09
"PRdiam3","EE",0.5,77,100,0.645948669447404,0.086752980382531,73,36.7676767676768,0.328788995096578,1124,74,1040.74074074074,3.2468488524134,0.006344062,2.12131812062222e-07
"PRdiam3","EE",0.99,77,95,0.456867485549233,0.0758590801089675,74.54,48.170101010101,0.328788995096578,1124,74,1040.74074074074,0.804599691003645,0.002520692,3.12044631066667e-08
"PRdiam3","EI",0.05,77,49,0.063616302185153,0.00335412649077029,196.79,139.157474747475,0.328788995096578,1124,74,1040.74074074074,15.5650411949585,0.005889354,9.08275513777776e-09
"PRdiam3","EI",0.5,77,91,0.402544835012146,0.0957256947659204,57.9,45.4646464646465,0.328788995096578,1124,74,1040.74074074074,3.2468488524134,0.006344062,2.12131812062222e-07
"PRdiam3","EI",0.99,77,62,0.190498711959495,0.0527396139753324,18.75,13.0580808080808,0.328788995096578,1124,74,1040.74074074074,0.804599691003645,0.002520692,3.12044631066667e-08
"PRrico1","EE",0.05,66,99,0.655626971801443,0.0652955719669068,64.11,58.199898989899,0.189679150380924,1018,64,1018,15.5615828460824,0.006796324,1.87278620026667e-07
"PRrico1","EE",0.5,66,98,0.496292597536645,0.0721827068939554,65.45,57.5227272727273,0.189679150380924,1018,64,1018,3.26262409992785,0.009676358,7.909622304e-08
"PRrico1","EE",0.99,66,87,0.289294292142227,0.0592698058225469,63.75,49.7449494949495,0.189679150380924,1018,64,1018,0.806042626432888,0.003287929,2.39899448766667e-08
"PRrico1","EI",0.05,66,100,0.731560548724508,0.0412434258600327,118.21,90.8544444444444,0.189679150380924,1018,64,1018,15.5615828460824,0.006796324,1.87278620026667e-07
"PRrico1","EI",0.5,66,42,0.0855163252823745,0.0170872924342346,33.25,28.4116161616162,0.189679150380924,1018,64,1018,3.26262409992785,0.009676358,7.909622304e-08
"PRrico1","EI",0.99,66,37,0.110674796677931,0.0349110513248905,10.57,8.00515151515152,0.189679150380924,1018,64,1018,0.806042626432888,0.003287929,2.39899448766667e-08
"PRrico2","EE",0.05,41,84,0.28335910897914,0.0662293248902471,33.3,31.4444444444444,0.226305520677815,961,34,961,16.0292746684436,0.003162414,9.87904696e-09
"PRrico2","EE",0.5,41,92,0.293039816846855,0.05800245020233,33.42,25.5793939393939,0.226305520677815,961,34,961,3.37141728588962,0.005855446,6.88130163377778e-08
"PRrico2","EE",0.99,41,100,0.724731663089541,0.0585889270729471,33.49,17.6867676767677,0.226305520677815,961,34,961,0.83723056904989,0.0010049031,6.66667926965555e-09
"PRrico2","EI",0.05,41,0,0.00772555701952184,4.54990224125076e-05,128.6,85.5555555555556,0.226305520677815,961,34,961,16.0292746684436,0.003162414,9.87904696e-09
"PRrico2","EI",0.5,41,99,0.607690577460308,0.0716396543980012,37.16,24.56,0.226305520677815,961,34,961,3.37141728588962,0.005855446,6.88130163377778e-08
"PRrico2","EI",0.99,41,95,0.479227069744251,0.0834992469736385,11.69,9.42818181818182,0.226305520677815,961,34,961,0.83723056904989,0.0010049031,6.66667926965555e-09
"PRrico3","EE",0.05,46,56,0.12252590568324,0.0258714609480114,38.05,37.9873737373737,0.169853953773957,1143,39,1143,14.6554825854331,0.004456478,5.03058728888873e-10
"PRrico3","EE",0.5,46,93,0.408427532567178,0.0837417164367199,37.89,38.240303030303,0.169853953773957,1143,39,1143,3.08795761904081,0.004534292,4.69762642400001e-08
"PRrico3","EE",0.99,46,100,0.740632821975275,0.049470450735701,37.44,26.5519191919192,0.169853953773957,1143,39,1143,0.767803527268763,0.001403506,8.27442849333333e-09
"PRrico3","EI",0.05,46,61,0.104770206652223,0.0104342158212092,116.07,60.449595959596,0.169853953773957,1143,39,1143,14.6554825854331,0.004456478,5.03058728888873e-10
"PRrico3","EI",0.5,46,100,0.675750565354625,0.0767066865971498,32.69,33.1655555555556,0.169853953773957,1143,39,1143,3.08795761904081,0.004534292,4.69762642400001e-08
"PRrico3","EI",0.99,46,79,0.299701913271541,0.0840347241489083,10.62,9.38949494949495,0.169853953773957,1143,39,1143,0.767803527268763,0.001403506,8.27442849333333e-09
"PRsapo","EE",0.05,124,3,0.0047957109065752,0.000147717313992951,120.79,98.430202020202,0.425074364521363,1480,122,1480,12.9587394921552,0.01712085,3.79887033888889e-07
"PRsapo","EE",0.5,124,100,0.72439123760564,0.0610674837876135,121.57,99.7627272727273,0.425074364521363,1480,122,1480,2.71917883512109,0.01171415,3.49163236111111e-07
"PRsapo","EE",0.99,124,100,0.693598147124924,0.0595178705798409,121.97,112.999090909091,0.425074364521363,1480,122,1480,0.665334696051751,0.003974685,2.07998857388889e-08
"PRsapo","EI",0.05,124,0,0.00094230092957156,2.45974019456421e-06,262.14,190.16202020202,0.425074364521363,1480,122,1480,12.9587394921552,0.01712085,3.79887033888889e-07
"PRsapo","EI",0.5,124,99,0.578532179682676,0.055154741926586,78.4,62.1414141414141,0.425074364521363,1480,122,1480,2.71917883512109,0.01171415,3.49163236111111e-07
"PRsapo","EI",0.99,124,62,0.144096702461732,0.0260392197929148,25.44,22.9559595959596,0.425074364521363,1480,122,1480,0.665334696051751,0.003974685,2.07998857388889e-08
"PRtele","EE",0.05,108,86,0.326913860646148,0.0684531675756983,104.32,95.7349494949495,0.633149366825626,1040,105,1040,15.4403024846418,0.0104627,5.9158e-08
"PRtele","EE",0.5,108,94,0.470451359709911,0.0992906964222601,106.15,71.4823232323232,0.633149366825626,1040,105,1040,3.24358683449901,0.0127659,2.11891631111111e-07
"PRtele","EE",0.99,108,92,0.34488191689934,0.0649640598445535,105.97,62.4536363636364,0.633149366825626,1040,105,1040,0.796961968487505,0.00475093,1.51552282844444e-07
"PRtele","EI",0.05,108,21,0.0354189084943698,0.00207100924176389,270.82,169.563232323232,0.633149366825626,1040,105,1040,15.4403024846418,0.0104627,5.9158e-08
"PRtele","EI",0.5,108,87,0.372299648526865,0.0837295958312179,86.21,63.9049494949495,0.633149366825626,1040,105,1040,3.24358683449901,0.0127659,2.11891631111111e-07
"PRtele","EI",0.99,108,27,0.0521624140348853,0.00691947541296769,29.39,21.8564646464646,0.633149366825626,1040,105,1040,0.796961968487505,0.00475093,1.51552282844444e-07
"PRtiba1","EE",0.05,127,100,0.799435095410825,0.0487310460367416,117.68,97.3309090909091,0.181441319632234,1482,117,1482,12.9995292707536,0.01138136,3.26377671111108e-08
"PRtiba1","EE",0.5,127,38,0.0766698020639048,0.0129872404162928,114.67,81.7586868686869,0.181441319632234,1482,117,1482,2.72377430739474,0.01039732,4.25765662222221e-08
"PRtiba1","EE",0.99,127,79,0.202496937149983,0.0311899635868497,115.85,77.8863636363636,0.181441319632234,1482,117,1482,0.664731584517163,0.004585051,1.35772208988889e-08
"PRtiba1","EI",0.05,127,91,0.418966390461935,0.10131553107952,146.42,108.569292929293,0.181441319632234,1482,117,1482,12.9995292707536,0.01138136,3.26377671111108e-08
"PRtiba1","EI",0.5,127,10,0.0243184464555757,0.00140358682729544,40.29,32.6120202020202,0.181441319632234,1482,117,1482,2.72377430739474,0.01039732,4.25765662222221e-08
"PRtiba1","EI",0.99,127,28,0.0778010977588819,0.0246650671860402,12.39,7.83626262626263,0.181441319632234,1482,117,1482,0.664731584517163,0.004585051,1.35772208988889e-08
"PRvent","EE",0.05,107,15,0.028507971537936,0.00376450108675347,102.96,119.978181818182,0.340772625042584,1241,101,1241,14.1836518404752,0.02534883,6.47601862333335e-07
"PRvent","EE",0.5,107,88,0.445132130227389,0.0947862279037648,99.22,73.829898989899,0.340772625042584,1241,101,1241,2.98542683744479,0.0191376,4.31365557777778e-07
"PRvent","EE",0.99,107,100,0.675142981181134,0.0853339850283839,101.22,92.3147474747475,0.340772625042584,1241,101,1241,0.731618002205607,0.005797775,6.81435460555554e-09
"PRvent","EI",0.05,107,32,0.045770259037849,0.00174049398665895,204.47,117.68595959596,0.340772625042584,1241,101,1241,14.1836518404752,0.02534883,6.47601862333335e-07
"PRvent","EI",0.5,107,98,0.457257199989913,0.077937913870331,60.47,48.110202020202,0.340772625042584,1241,101,1241,2.98542683744479,0.0191376,4.31365557777778e-07
"PRvent","EI",0.99,107,54,0.137242199082067,0.0316304549502505,19.12,15.6622222222222,0.340772625042584,1241,101,1241,0.731618002205607,0.005797775,6.81435460555554e-09
"RScach1","EE",0.05,49,93,0.406322518085059,0.072092910283426,29.52,19.060202020202,0.151225472114475,1547,30,1547,12.7014241758741,0.002373341,6.21488872111111e-09
"RScach1","EE",0.5,49,97,0.542849931165781,0.076461398854357,29.31,19.8524242424242,0.151225472114475,1547,30,1547,2.65891571178418,0.001563343,2.52540444555555e-09
"RScach1","EE",0.99,49,100,0.544254782830534,0.0617342594263825,30.3,15.6262626262626,0.151225472114475,1547,30,1547,0.657730542563495,0.0005273841,2.80470218565555e-09
"RScach1","EI",0.05,49,94,0.252775933339771,0.0317935244126015,126.46,75.16,0.151225472114475,1547,30,1547,12.7014241758741,0.002373341,6.21488872111111e-09
"RScach1","EI",0.5,49,92,0.486649970032842,0.0980969461238647,35.41,29.4766666666667,0.151225472114475,1547,30,1547,2.65891571178418,0.001563343,2.52540444555555e-09
"RScach1","EI",0.99,49,82,0.294365896773184,0.0709203695923345,11.15,7.28030303030303,0.151225472114475,1547,30,1547,0.657730542563495,0.0005273841,2.80470218565555e-09
"RScach2","EE",0.05,48,27,0.0489083342463283,0.0116380658447063,47.85,52.8358585858586,0.104325049309665,1904,48,1904,11.4421707777928,0.007179037,4.22113563566667e-08
"RScach2","EE",0.5,48,99,0.643607970061933,0.0714102205783177,46.04,35.170101010101,0.104325049309665,1904,48,1904,2.39543780059752,0.003711478,2.94933598177778e-08
"RScach2","EE",0.99,48,100,0.524525015797657,0.065795335695572,47.45,23.9065656565657,0.104325049309665,1904,48,1904,0.585705272356423,0.0010003456,5.40121505404444e-09
"RScach2","EI",0.05,48,97,0.350183172863459,0.0441731569981751,109.57,72.3485858585859,0.104325049309665,1904,48,1904,11.4421707777928,0.007179037,4.22113563566667e-08
"RScach2","EI",0.5,48,94,0.428573119755861,0.0722492528979877,29.08,29.2864646464646,0.104325049309665,1904,48,1904,2.39543780059752,0.003711478,2.94933598177778e-08
"RScach2","EI",0.99,48,86,0.29961664759086,0.0650527676595987,8.86,6.08121212121212,0.104325049309665,1904,48,1904,0.585705272356423,0.0010003456,5.40121505404444e-09
"RScach3","EE",0.05,72,10,0.0177240305336596,0.000994098713875242,73.29,75.2382828282828,0.102843143491402,1228,71,1228,14.2150528961367,0.0113149,9.3904388888889e-08
"RScach3","EE",0.5,72,51,0.139165941025619,0.035128250449582,68.9,60.7777777777778,0.102843143491402,1228,71,1228,2.97269610485849,0.01057956,7.27943804444448e-08
"RScach3","EE",0.99,72,79,0.265772636960923,0.0623658021178398,72.34,53.6206060606061,0.102843143491402,1228,71,1228,0.734662281248125,0.00310062,5.71221562222223e-09
"RScach3","EI",0.05,72,94,0.427891841291846,0.0823852667603674,84.1,71.6262626262626,0.102843143491402,1228,71,1228,14.2150528961367,0.0113149,9.3904388888889e-08
"RScach3","EI",0.5,72,90,0.34293161867686,0.0671065866368686,23.42,21.1147474747475,0.102843143491402,1228,71,1228,2.97269610485849,0.01057956,7.27943804444448e-08
"RScach3","EI",0.99,72,78,0.248042797213797,0.0628413586868699,7.84,6.49939393939394,0.102843143491402,1228,71,1228,0.734662281248125,0.00310062,5.71221562222223e-09
"RScach4","EE",0.05,49,57,0.140226479351974,0.042410584960893,48.98,48.2420202020202,0.072361253275373,1095,48,1095,14.9687129782969,0.006730735,9.66539884277779e-08
"RScach4","EE",0.5,49,94,0.431586544427816,0.0834039087411089,47.34,44.610505050505,0.072361253275373,1095,48,1095,3.14775258781095,0.006706615,2.28770021166667e-08
"RScach4","EE",0.99,49,96,0.413757781633561,0.0805140927524107,47.91,31.6988888888889,0.072361253275373,1095,48,1095,0.785525900519482,0.003145605,1.26948423833333e-08
"RScach4","EI",0.05,49,100,0.681899608579553,0.0481612762804318,60.84,46.2367676767677,0.072361253275373,1095,48,1095,14.9687129782969,0.006730735,9.66539884277779e-08
"RScach4","EI",0.5,49,70,0.206816199075952,0.0515973342975407,16.43,12.0253535353535,0.072361253275373,1095,48,1095,3.14775258781095,0.006706615,2.28770021166667e-08
"RScach4","EI",0.99,49,69,0.268129365328251,0.079502215200707,5.66,4.57010101010101,0.072361253275373,1095,48,1095,0.785525900519482,0.003145605,1.26948423833333e-08
"RScama","EE",0.05,69,17,0.0319036830522019,0.00386758980478001,69.64,79.000404040404,0.559289827066303,2236,69,2236,10.5594800813209,0.003229861,3.28961125444444e-09
"RScama","EE",0.5,69,100,0.768759914241183,0.0446972495199914,66.85,38.0075757575758,0.559289827066303,2236,69,2236,2.2258390690066,0.00242011,1.71926846444444e-08
"RScama","EE",0.99,69,99,0.671331525560973,0.0818512348827157,68.4,46.969696969697,0.559289827066303,2236,69,2236,0.538793496094514,0.001196756,7.26631167111111e-09
"RScama","EI",0.05,69,0,8.36191290282118e-07,8.61951667846507e-13,403.7,294.151515151515,0.559289827066303,2236,69,2236,10.5594800813209,0.003229861,3.28961125444444e-09
"RScama","EI",0.5,69,90,0.276172845209362,0.0386128585543005,124.5,101.282828282828,0.559289827066303,2236,69,2236,2.2258390690066,0.00242011,1.71926846444444e-08
"RScama","EI",0.99,69,96,0.546273176771797,0.0784455254398529,40.41,36.3251515151515,0.559289827066303,2236,69,2236,0.538793496094514,0.001196756,7.26631167111111e-09
"RScamb1","EE",0.05,42,97,0.629805360310053,0.0898352945737418,42.66,36.4690909090909,0.327940858999573,1178,42,1178,14.4967553152861,0.007180869,3.81494862322222e-08
"RScamb1","EE",0.5,42,100,0.737475043494437,0.056109036285683,42.49,38.5150505050505,0.327940858999573,1178,42,1178,3.04831776019561,0.006825473,4.92476952011112e-08
"RScamb1","EE",0.99,42,100,0.7139354054143,0.071994425178376,42.46,26.0892929292929,0.327940858999573,1178,42,1178,0.745157339751485,0.00170928,7.22074506666667e-09
"RScamb1","EI",0.05,42,37,0.0466977769280949,0.00025100713694632,190.45,103.078282828283,0.327940858999573,1178,42,1178,14.4967553152861,0.007180869,3.81494862322222e-08
"RScamb1","EI",0.5,42,100,0.772906347289001,0.0535556989110328,56.94,34.339797979798,0.327940858999573,1178,42,1178,3.04831776019561,0.006825473,4.92476952011112e-08
"RScamb1","EI",0.99,42,87,0.357990934996982,0.0768247967923026,17.62,16.7228282828283,0.327940858999573,1178,42,1178,0.745157339751485,0.00170928,7.22074506666667e-09
"RSfaxi","EE",0.05,74,6,0.0111861871616499,0.000364311283975927,74.25,60.0681818181818,0.470118159409467,1211,74,1211,14.3392278573712,0.008080096,6.94319986044446e-08
"RSfaxi","EE",0.5,74,58,0.167261935109996,0.0448761496725801,73,45.9393939393939,0.470118159409467,1211,74,1211,3.01754428626543,0.00910288,1.24615281288889e-07
"RSfaxi","EE",0.99,74,100,0.583464502312949,0.067156534008449,72.19,33.7110101010101,0.470118159409467,1211,74,1211,0.737274272880837,0.002411459,2.98493549877778e-08
"RSfaxi","EI",0.05,74,0,9.06490240335289e-06,2.37988480816661e-10,249.28,160.850101010101,0.470118159409467,1211,74,1211,14.3392278573712,0.008080096,6.94319986044446e-08
"RSfaxi","EI",0.5,74,92,0.292512714975573,0.0566176631993703,75.44,62.4307070707071,0.470118159409467,1211,74,1211,3.01754428626543,0.00910288,1.24615281288889e-07
"RSfaxi","EI",0.99,74,74,0.177191944926506,0.0280103382892358,23.79,14.0463636363636,0.470118159409467,1211,74,1211,0.737274272880837,0.002411459,2.98493549877778e-08
"RSmaqu4","EE",0.05,85,100,0.643096593497476,0.0548365977343041,85.34,68.6711111111111,0.310748079531233,1531,85,1531,12.8230687775209,0.004145511,9.67281001000002e-09
"RSmaqu4","EE",0.5,85,73,0.200985434674689,0.0377812514516816,88.8,54.7272727272727,0.310748079531233,1531,85,1531,2.67173221410998,0.00561033,1.81290341333333e-08
"RSmaqu4","EE",0.99,85,89,0.307328910406632,0.0674481971552171,85.64,63.3438383838384,0.310748079531233,1531,85,1531,0.657999153504552,0.002096841,6.17121612111111e-09
"RSmaqu4","EI",0.05,85,99,0.143225521609081,0.00375976129406404,215.62,134.581414141414,0.310748079531233,1531,85,1531,12.8230687775209,0.004145511,9.67281001000002e-09
"RSmaqu4","EI",0.5,85,92,0.361826509305273,0.0791274415651265,62.41,53.4968686868687,0.310748079531233,1531,85,1531,2.67173221410998,0.00561033,1.81290341333333e-08
"RSmaqu4","EI",0.99,85,50,0.14910620960621,0.0424422237073202,19.12,14.409696969697,0.310748079531233,1531,85,1531,0.657999153504552,0.002096841,6.17121612111111e-09
"RSmorr1","EE",0.05,114,55,0.121268365451695,0.0220011430907035,109.76,80.1438383838384,0.658177286403532,2810,109,2810,9.35546779550106,0.003551816,3.47385851555556e-09
"RSmorr1","EE",0.5,114,99,0.545751548032846,0.0745637332418698,108.14,75.3943434343434,0.658177286403532,2810,109,2810,1.96854509431941,0.003491559,4.06453259877778e-08
"RSmorr1","EE",0.99,114,100,0.750673343923517,0.0614579247551908,108.79,81.7635353535354,0.658177286403532,2810,109,2810,0.48540420498369,0.001428411,1.18483460544444e-08
"RSmorr1","EI",0.05,114,0,5.56342619191241e-07,8.90992648234669e-13,515.67,263.051616161616,0.658177286403532,2810,109,2810,9.35546779550106,0.003551816,3.47385851555556e-09
"RSmorr1","EI",0.5,114,97,0.479088486903868,0.0938410509616922,160.36,124.636767676768,0.658177286403532,2810,109,2810,1.96854509431941,0.003491559,4.06453259877778e-08
"RSmorr1","EI",0.99,114,79,0.253349049348791,0.0600482514398764,52.79,34.4908080808081,0.658177286403532,2810,109,2810,0.48540420498369,0.001428411,1.18483460544444e-08
"RSpet1","EE",0.05,70,79,0.207237713077807,0.0454223915371308,68.99,63.1615151515152,0.722472122747256,826,69,826,17.3657514785054,0.003743964,4.49123449333332e-09
"RSpet1","EE",0.5,70,87,0.283968616990133,0.0579872806043926,64.52,38.4137373737374,0.722472122747256,826,69,826,3.62101975855323,0.006387034,8.86612486933334e-08
"RSpet1","EE",0.99,70,81,0.254949604519211,0.045968719758922,65.31,38.0746464646465,0.722472122747256,826,69,826,0.887520871619477,0.002793269,3.476913041e-08
"RSpet1","EI",0.05,70,9,0.026080069190953,0.000463003071808765,248.98,135.777373737374,0.722472122747256,826,69,826,17.3657514785054,0.003743964,4.49123449333332e-09
"RSpet1","EI",0.5,70,100,0.764337106232065,0.060030363106911,81.8,48.3838383838384,0.722472122747256,826,69,826,3.62101975855323,0.006387034,8.86612486933334e-08
"RSpet1","EI",0.99,70,55,0.136106978588216,0.0318140515064615,26.9,23.3636363636364,0.722472122747256,826,69,826,0.887520871619477,0.002793269,3.476913041e-08
"RSrioz1","EE",0.05,78,98,0.471808663846724,0.0934214650212206,76.52,67.4642424242424,0.92867367679881,1205,76,1205,14.2410454821563,0.003190388,1.006809024e-08
"RSrioz1","EE",0.5,78,100,0.838768451131973,0.0522925503789537,77.17,46.869797979798,0.92867367679881,1205,76,1205,3.01041897401367,0.005608589,3.74709622098889e-07
"RSrioz1","EE",0.99,78,100,0.834148536027001,0.0343807310432053,77.36,49.8488888888889,0.92867367679881,1205,76,1205,0.740314339568457,0.002409248,1.114043884e-08
"RSrioz1","EI",0.05,78,0,1.8719151108848e-07,3.50533858298172e-13,367.91,153.779696969697,0.92867367679881,1205,76,1205,14.2410454821563,0.003190388,1.006809024e-08
"RSrioz1","EI",0.5,78,99,0.481806029695519,0.0715105788255131,123.44,64.1074747474748,0.92867367679881,1205,76,1205,3.01041897401367,0.005608589,3.74709622098889e-07
"RSrioz1","EI",0.99,78,95,0.428533095998763,0.0679640187240705,41.31,37.4887878787879,0.92867367679881,1205,76,1205,0.740314339568457,0.002409248,1.114043884e-08
"RSsetape","EE",0.05,45,91,0.377997294676201,0.0854274207433664,44.17,34.7081818181818,0.493985431841831,1733,45,1733,11.9250334000167,0.001816362,3.34755948444444e-09
"RSsetape","EE",0.5,45,98,0.585711280547353,0.0841048062188793,44.04,35.5135353535354,0.493985431841831,1733,45,1733,2.51091599864418,0.001663371,2.93518957655556e-08
"RSsetape","EE",0.99,45,100,0.794225981632176,0.0518609153602162,44.83,28.2435353535354,0.493985431841831,1733,45,1733,0.616050140835147,0.0007977148,4.86653541373333e-09
"RSsetape","EI",0.05,45,0,0.000168166512407392,4.30361959462021e-08,310.08,217.650101010101,0.493985431841831,1733,45,1733,11.9250334000167,0.001816362,3.34755948444444e-09
"RSsetape","EI",0.5,45,99,0.548140904600263,0.0725722492853642,93.74,70.2549494949495,0.493985431841831,1733,45,1733,2.51091599864418,0.001663371,2.93518957655556e-08
"RSsetape","EI",0.99,45,96,0.498947944965967,0.0886109265942263,30.74,24.4165656565657,0.493985431841831,1733,45,1733,0.616050140835147,0.0007977148,4.86653541373333e-09
"RSsini","EE",0.05,69,80,0.231890763431385,0.0516771695545053,71.86,55.2933333333333,0.73052961024989,1024,69,1024,15.6070772098293,0.004212226,2.69682254488889e-08
"RSsini","EE",0.5,69,100,0.882592991313991,0.0312808846451366,68.44,39.7034343434343,0.73052961024989,1024,69,1024,3.2723985205473,0.007567058,1.1488002484e-07
"RSsini","EE",0.99,69,100,0.70345322511692,0.0665214003263958,69.61,54.199898989899,0.73052961024989,1024,69,1024,0.807386788832125,0.004537934,3.53283274933334e-08
"RSsini","EI",0.05,69,0,4.67552908846547e-05,3.1698993163195e-09,290.04,147.412525252525,0.73052961024989,1024,69,1024,15.6070772098293,0.004212226,2.69682254488889e-08
"RSsini","EI",0.5,69,99,0.721608843813907,0.0496763399124739,95.66,55.4185858585859,0.73052961024989,1024,69,1024,3.2723985205473,0.007567058,1.1488002484e-07
"RSsini","EI",0.99,69,88,0.408295700417381,0.0990462805061885,32.46,26.129696969697,0.73052961024989,1024,69,1024,0.807386788832125,0.004537934,3.53283274933334e-08
"RSsmar2","EE",0.05,58,47,0.0993435485203494,0.0268771017780506,58.19,50.0140404040404,0.36114979447901,1427,58,1427,13.0500340579786,0.00255895,8.76469084444444e-09
"RSsmar2","EE",0.5,58,99,0.659889036365659,0.0650516558307526,57.93,35.7627272727273,0.36114979447901,1427,58,1427,2.77968840461326,0.003154508,6.45772345066667e-08
"RSsmar2","EE",0.99,58,100,0.724096009464676,0.0546422532076358,57.04,28.139797979798,0.36114979447901,1427,58,1427,0.685497330862106,0.001288246,1.01774510933333e-08
"RSsmar2","EI",0.05,58,0,0.000780243169858292,1.34140314032559e-06,221.47,119.120303030303,0.36114979447901,1427,58,1427,13.0500340579786,0.00255895,8.76469084444444e-09
"RSsmar2","EI",0.5,58,97,0.539261765099981,0.081872540652758,67.27,52.6031313131313,0.36114979447901,1427,58,1427,2.77968840461326,0.003154508,6.45772345066667e-08
"RSsmar2","EI",0.99,58,91,0.348440713458539,0.0731136573167212,21.94,17.9559595959596,0.36114979447901,1427,58,1427,0.685497330862106,0.001288246,1.01774510933333e-08
"RSvsol","EE",0.05,55,100,0.82641531779245,0.0589910984859358,55.02,37.3127272727273,0.666613829015203,1855,55,1855,11.4506503558397,0.001469247,4.01395020111112e-09
"RSvsol","EE",0.5,55,20,0.0342752703173545,0.00314549032723485,54.54,31.200404040404,0.666613829015203,1855,55,1855,2.4249792395606,0.001870163,1.73852235788889e-08
"RSvsol","EE",0.99,55,14,0.0238478344888556,0.00158171570906755,57.17,35.5364646464646,0.666613829015203,1855,55,1855,0.59540395434771,0.0007309128,5.07452484551111e-09
"RSvsol","EI",0.05,55,65,0.0611404418854933,0.000710263938682095,388.43,298.712222222222,0.666613829015203,1855,55,1855,11.4506503558397,0.001469247,4.01395020111112e-09
"RSvsol","EI",0.5,55,100,0.746890631809268,0.0566862430520828,124.21,66.3493939393939,0.666613829015203,1855,55,1855,2.4249792395606,0.001870163,1.73852235788889e-08
"RSvsol","EI",0.99,55,55,0.143802500847256,0.0329170690814459,41.46,28.0690909090909,0.666613829015203,1855,55,1855,0.59540395434771,0.0007309128,5.07452484551111e-09
"SCarar","EE",0.05,26,89,0.304876556810781,0.0526314333246257,25.14,25.010505050505,0.0359928114764424,2034,26,2034,10.9094758169383,0.00161528,7.4050191111111e-10
"SCarar","EE",0.5,26,100,0.716520635710515,0.0698471731515254,26.27,20.0778787878788,0.0359928114764424,2034,26,2034,2.32283485140126,0.0010025371,5.13431729655555e-10
"SCarar","EE",0.99,26,100,0.827211476764944,0.0419090753159495,25.62,18.7834343434343,0.0359928114764424,2034,26,2034,0.565379635199895,0.0004668571,5.48126144988889e-10
"SCarar","EI",0.05,26,100,0.844207747693924,0.0162328202161363,45.74,27.8913131313131,0.0359928114764424,2034,26,2034,10.9094758169383,0.00161528,7.4050191111111e-10
"SCarar","EI",0.5,26,100,0.629018813918214,0.0937024741270843,12.67,11.4556565656566,0.0359928114764424,2034,26,2034,2.32283485140126,0.0010025371,5.13431729655555e-10
"SCarar","EI",0.99,26,95,0.470088035057518,0.092344825356549,4.04,2.40242424242424,0.0359928114764424,2034,26,2034,0.565379635199895,0.0004668571,5.48126144988889e-10
"SCilho","EE",0.05,136,58,0.136806258116407,0.0317477754856526,129.05,86.4520202020202,0.899939351991448,1169,135,1169,14.6901822865399,0.007123632,5.24884703511112e-08
"SCilho","EE",0.5,136,99,0.581774346483314,0.0628414477240381,132.52,78.6763636363636,0.899939351991448,1169,135,1169,3.05335500498565,0.0147632,1.19643771111111e-07
"SCilho","EE",0.99,136,100,0.673645132848423,0.0583426207632143,137.52,57.080404040404,0.899939351991448,1169,135,1169,0.750493540990328,0.006465298,6.31841090844444e-08
"SCilho","EI",0.05,136,0,7.08059495175828e-07,1.9065616863475e-12,358.93,159.601111111111,0.899939351991448,1169,135,1169,14.6901822865399,0.007123632,5.24884703511112e-08
"SCilho","EI",0.5,136,96,0.49448683391886,0.0660406384227499,120.26,70.9014141414141,0.899939351991448,1169,135,1169,3.05335500498565,0.0147632,1.19643771111111e-07
"SCilho","EI",0.99,136,22,0.0489817511591898,0.010998903592804,40.52,30.5551515151515,0.899939351991448,1169,135,1169,0.750493540990328,0.006465298,6.31841090844444e-08
"SCilho2","EE",0.05,182,99,0.632327482474164,0.0896319906217122,160.55,144.55303030303,0.884932951426624,1738,157,1738,12.0313863794988,0.007418777,5.57578960455555e-08
"SCilho2","EE",0.5,182,66,0.172694631450506,0.0365613229968082,158.97,90.130404040404,0.884932951426624,1738,157,1738,2.52286361141589,0.0125706,8.47919622222223e-08
"SCilho2","EE",0.99,182,73,0.16056878393385,0.0329700671503866,156.88,110.955151515152,0.884932951426624,1738,157,1738,0.619255101787588,0.004529887,1.75118106011111e-08
"SCilho2","EI",0.05,182,0,2.58391754569209e-05,4.9467047378586e-09,465.15,317.967171717172,0.884932951426624,1738,157,1738,12.0313863794988,0.007418777,5.57578960455555e-08
"SCilho2","EI",0.5,182,92,0.366070482694183,0.0639990900272507,152.49,150.575656565657,0.884932951426624,1738,157,1738,2.52286361141589,0.0125706,8.47919622222223e-08
"SCilho2","EI",0.99,182,10,0.0179108295633812,0.00101240478549322,50.72,26.7894949494949,0.884932951426624,1738,157,1738,0.619255101787588,0.004529887,1.75118106011111e-08
"SCorle","EE",0.05,118,57,0.127692711641228,0.0277853751122721,109.02,98.9086868686869,0.528689726683852,1938,112,1938,11.2058835946743,0.008378265,9.86537606499999e-08
"SCorle","EE",0.5,118,100,0.747223578674084,0.0609083140590522,112.42,90.8117171717172,0.528689726683852,1938,112,1938,2.37889266574942,0.007056185,6.56397854722223e-08
"SCorle","EE",0.99,118,100,0.805300705327041,0.0432896401056371,111.71,76.1473737373737,0.528689726683852,1938,112,1938,0.579043570009856,0.002843582,7.96287395111111e-09
"SCorle","EI",0.05,118,0,9.40581544657959e-05,2.85357923150792e-08,356.73,252.946565656566,0.528689726683852,1938,112,1938,11.2058835946743,0.008378265,9.86537606499999e-08
"SCorle","EI",0.5,118,99,0.743717711177901,0.0660677337352688,108.03,95.3425252525252,0.528689726683852,1938,112,1938,2.37889266574942,0.007056185,6.56397854722223e-08
"SCorle","EI",0.99,118,63,0.143358510849827,0.0332150166067703,34.34,20.7519191919192,0.528689726683852,1938,112,1938,0.579043570009856,0.002843582,7.96287395111111e-09
"SCside","EE",0.05,107,86,0.223312083753171,0.0270206862607377,105.02,94.2824242424242,0.72254784514244,1712,105,1712,12.113794623598,0.003626389,2.31932121433333e-08
"SCside","EE",0.5,107,6,0.0124766423385316,0.000421514060966325,104.99,79.2625252525253,0.72254784514244,1712,105,1712,2.51754993750432,0.006876111,1.49353398698889e-07
"SCside","EE",0.99,107,17,0.0318723022654557,0.0031066037451671,103.84,82.6812121212121,0.72254784514244,1712,105,1712,0.61851780448717,0.002663012,9.33979584e-09
"SCside","EI",0.05,107,0,9.73760987418604e-05,6.58274134765022e-08,402.06,190.077171717172,0.72254784514244,1712,105,1712,12.113794623598,0.003626389,2.31932121433333e-08
"SCside","EI",0.5,107,59,0.0959566122509179,0.00948180415247237,127.17,58.869797979798,0.72254784514244,1712,105,1712,2.51754993750432,0.006876111,1.49353398698889e-07
"SCside","EI",0.99,107,16,0.0294651110921075,0.00259199575340992,41.04,28.7458585858586,0.72254784514244,1712,105,1712,0.61851780448717,0.002663012,9.33979584e-09
"SCside1","EE",0.05,115,96,0.380327454374472,0.0634173520238691,111.16,90.9034343434343,0.680355725623583,1413,111,1413,13.1738211179954,0.00578382,3.2953543e-08
"SCside1","EE",0.5,115,93,0.430260085696191,0.0891571348980518,111.45,52.5934343434343,0.680355725623583,1413,111,1413,2.78459152497881,0.010095587,2.13598221734444e-07
"SCside1","EE",0.99,115,98,0.546763122905265,0.088826597525419,109.39,61.4322222222222,0.680355725623583,1413,111,1413,0.682917354743187,0.004068191,2.69539613877777e-08
"SCside1","EI",0.05,115,0,0.000457335771067555,4.28577877614186e-07,341.46,165.46303030303,0.680355725623583,1413,111,1413,13.1738211179954,0.00578382,3.2953543e-08
"SCside1","EI",0.5,115,100,0.753997783008694,0.0628730182529882,109.98,79.5753535353535,0.680355725623583,1413,111,1413,2.78459152497881,0.010095587,2.13598221734444e-07
"SCside1","EI",0.99,115,61,0.134240298240026,0.0259390340464451,36.63,31.8920202020202,0.680355725623583,1413,111,1413,0.682917354743187,0.004068191,2.69539613877777e-08
"SCside4","EE",0.05,100,29,0.0467133584674322,0.00945206404131542,97.18,70.270303030303,0.535403772264882,1421,98,1421,13.1737522083234,0.010390379,1.31261725076666e-07
"SCside4","EE",0.5,100,84,0.218548589424231,0.0448188483651992,98.37,80.3162626262626,0.535403772264882,1421,98,1421,2.78855987397791,0.009180074,1.51601861182222e-07
"SCside4","EE",0.99,100,78,0.235502964307743,0.0538015805305566,96.56,76.3094949494949,0.535403772264882,1421,98,1421,0.681690155984535,0.003065993,1.54192502011111e-08
"SCside4","EI",0.05,100,0,0.000562968759214682,6.19994745416784e-07,297.18,155.260202020202,0.535403772264882,1421,98,1421,13.1737522083234,0.010390379,1.31261725076666e-07
"SCside4","EI",0.5,100,85,0.235111721002127,0.0400605520310065,91.5,74.2323232323232,0.535403772264882,1421,98,1421,2.78855987397791,0.009180074,1.51601861182222e-07
"SCside4","EI",0.99,100,21,0.0461429772954563,0.00783147553564473,29.02,26.8278787878788,0.535403772264882,1421,98,1421,0.681690155984535,0.003065993,1.54192502011111e-08
"SCtimbe1","EE",0.05,149,100,0.687419058637048,0.051004875037654,138.49,106.515050505051,0.915684800663396,3148,142,3148,8.93887833797067,0.002923893,8.69797446777776e-09
"SCtimbe1","EE",0.5,149,91,0.355690352962067,0.074650544535221,138.71,102.61202020202,0.915684800663396,3148,142,3148,1.86444070871572,0.004505294,4.036384696e-08
"SCtimbe1","EE",0.99,149,94,0.438798213852761,0.0913929271344773,141.86,119.151919191919,0.915684800663396,3148,142,3148,0.455596281183709,0.001664098,9.32570172888889e-09
"SCtimbe1","EI",0.05,149,0,3.30061334452569e-08,4.28141309223739e-15,693.31,448.135252525253,0.915684800663396,3148,142,3148,8.93887833797067,0.002923893,8.69797446777776e-09
"SCtimbe1","EI",0.5,149,96,0.490670409747223,0.0708332216539135,222.44,165.05696969697,0.915684800663396,3148,142,3148,1.86444070871572,0.004505294,4.036384696e-08
"SCtimbe1","EI",0.99,149,74,0.196511160983621,0.0562853075330669,73.37,56.8819191919192,0.915684800663396,3148,142,3148,0.455596281183709,0.001664098,9.32570172888889e-09
"SCvolta1","EE",0.05,53,91,0.216009997459417,0.0270779226398492,50.81,53.0039393939394,0.975721531216037,1658,52,1658,12.491477200955,0.001909507,7.35009711222223e-09
"SCvolta1","EE",0.5,53,67,0.174301681390401,0.0323868729460641,52.1,35.6666666666667,0.975721531216037,1658,52,1658,2.57363770995061,0.002058117,5.82607880011111e-08
"SCvolta1","EE",0.99,53,89,0.217842834543012,0.0436847010049874,49.83,39.5566666666667,0.975721531216037,1658,52,1658,0.631385932721425,0.0008036827,3.87359904001111e-09
"SCvolta1","EI",0.05,53,0,2.75288026844955e-06,3.72406320917857e-12,471.72,303.73898989899,0.975721531216037,1658,52,1658,12.491477200955,0.001909507,7.35009711222223e-09
"SCvolta1","EI",0.5,53,94,0.116505644978087,0.00226480020311223,156.84,90.8832323232323,0.975721531216037,1658,52,1658,2.57363770995061,0.002058117,5.82607880011111e-08
"SCvolta1","EI",0.99,53,99,0.456364373502617,0.0831392108833346,51.79,44.9352525252525,0.975721531216037,1658,52,1658,0.631385932721425,0.0008036827,3.87359904001111e-09
"SCvolta2","EE",0.05,78,45,0.0800301139356127,0.0107009672228545,76.41,54.5271717171717,0.916842703142202,2059,78,2059,11.0049613747988,0.002102213,5.42889177888889e-09
"SCvolta2","EE",0.5,78,100,0.568736646742338,0.0708821457354169,78.22,59.4662626262626,0.916842703142202,2059,78,2059,2.29492127786433,0.003036755,4.09817694722222e-08
"SCvolta2","EE",0.99,78,99,0.572781178969269,0.0699074938760382,75.89,47.6140404040404,0.916842703142202,2059,78,2059,0.566474494505203,0.001133206,4.27101518222222e-09
"SCvolta2","EI",0.05,78,0,1.33637105825812e-10,1.25588603886853e-19,519.36,348.919595959596,0.916842703142202,2059,78,2059,11.0049613747988,0.002102213,5.42889177888889e-09
"SCvolta2","EI",0.5,78,24,0.0397838790031975,0.00489635991377995,170.87,112.316262626263,0.916842703142202,2059,78,2059,2.29492127786433,0.003036755,4.09817694722222e-08
"SCvolta2","EI",0.99,78,95,0.45115783391346,0.0617139643793478,56.22,47.0622222222222,0.916842703142202,2059,78,2059,0.566474494505203,0.001133206,4.27101518222222e-09
"SPcamp1","EE",0.05,152,0,0.000659418919230891,9.15244692821623e-08,104.1,96.7777777777778,0.103320559326545,1076,108,1076,15.3985140644347,0.01094869,1.34502167666666e-07
"SPcamp1","EE",0.5,152,0,0.000402058235065873,5.65920061293879e-08,107.46,76.129696969697,0.103320559326545,1076,108,1076,3.18261070818902,0.01277929,6.41262380999999e-07
"SPcamp1","EE",0.99,152,0,0.000347604141919764,5.19048535929409e-08,109.85,69.7247474747475,0.103320559326545,1076,108,1076,0.786377062457979,0.005838888,5.32325040844444e-08
"SPcamp1","EI",0.05,152,0,0.00116057184801904,9.34055500281558e-07,80.68,52.8258585858586,0.103320559326545,1076,108,1076,15.3985140644347,0.01094869,1.34502167666666e-07
"SPcamp1","EI",0.5,152,11,0.0244496495102778,0.00507903216883023,20.61,15.6948484848485,0.103320559326545,1076,108,1076,3.18261070818902,0.01277929,6.41262380999999e-07
"SPcamp1","EI",0.99,152,33,0.0864938974849293,0.0231789939361653,7.05,6.1489898989899,0.103320559326545,1076,108,1076,0.786377062457979,0.005838888,5.32325040844444e-08
"SPcara1","EE",0.05,181,79,0.261804970321909,0.0628096390710407,170.67,102.102121212121,0.850156308651023,2127,171,2127,10.7437969261649,0.005178259,2.12041379655556e-08
"SPcara1","EE",0.5,181,100,0.623802577463657,0.0669269361172184,169.14,106.808484848485,0.850156308651023,2127,171,2127,2.27043598870133,0.01065985,3.40106582777778e-07
"SPcara1","EE",0.99,181,98,0.649028154193853,0.0801254963964068,175.05,127.017676767677,0.850156308651023,2127,171,2127,0.553976583960958,0.00397245,2.66679703777778e-08
"SPcara1","EI",0.05,181,0,5.78582484811463e-09,1.03305365015311e-15,509.8,289.212121212121,0.850156308651023,2127,171,2127,10.7437969261649,0.005178259,2.12041379655556e-08
"SPcara1","EI",0.5,181,88,0.308019710142016,0.064377348532915,168.25,90.3914141414141,0.850156308651023,2127,171,2127,2.27043598870133,0.01065985,3.40106582777778e-07
"SPcara1","EI",0.99,181,21,0.0335007815554581,0.00251278453667433,55.17,50.3243434343434,0.850156308651023,2127,171,2127,0.553976583960958,0.00397245,2.66679703777778e-08
"SPcara3","EE",0.05,143,73,0.178057238481403,0.0384508080808957,129.33,102.102121212121,0.773104012947153,1674,130,1674,12.0418513714587,0.005550998,3.16058024177778e-08
"SPcara3","EE",0.5,143,100,0.803920249117337,0.0557615332015299,132.93,66.8940404040404,0.773104012947153,1674,130,1674,2.57071645356232,0.010406446,1.42365062404444e-07
"SPcara3","EE",0.99,143,87,0.359564871784367,0.0897704522363349,129.82,88.6541414141414,0.773104012947153,1674,130,1674,0.622870389301094,0.00482532,2.48586349555556e-08
"SPcara3","EI",0.05,143,0,8.11492977303984e-08,2.40873638757418e-13,409.08,264.862222222222,0.773104012947153,1674,130,1674,12.0418513714587,0.005550998,3.16058024177778e-08
"SPcara3","EI",0.5,143,97,0.482239688108899,0.0873563265710432,134,116.727272727273,0.773104012947153,1674,130,1674,2.57071645356232,0.010406446,1.42365062404444e-07
"SPcara3","EI",0.99,143,59,0.124179496389469,0.0186710198568429,44.19,27.1453535353535,0.773104012947153,1674,130,1674,0.622870389301094,0.00482532,2.48586349555556e-08
"SPeec1","EE",0.05,144,0,0.000369074555053598,1.09629146316166e-06,144.06,136.76404040404,0.743179321289062,12105,144,1182.12890625,14.4547219124065,0.001650961,5.06186410000002e-10
"SPeec1","EE",0.5,144,100,0.761704479286151,0.0517256083013706,142.46,131.745858585859,0.743179321289062,12105,144,1182.12890625,3.03211984744712,0.001363041,1.5272841e-10
"SPeec1","EE",0.99,144,98,0.617429182505094,0.0912186085059093,144.9,106.393939393939,0.743179321289062,12105,144,1182.12890625,0.750268779784207,0.0004326067,1.63016129344444e-10
"SPeec1","EI",0.05,144,0,0,0,3813.24,1948.7701010101,0.743179321289062,12105,144,1182.12890625,14.4547219124065,0.001650961,5.06186410000002e-10
"SPeec1","EI",0.5,144,0,3.98244115462631e-11,1.67904932169089e-21,1820.48,882.130909090909,0.743179321289062,12105,144,1182.12890625,3.03211984744712,0.001363041,1.5272841e-10
"SPeec1","EI",0.99,144,87,0.100639172071788,0.00231651653035516,628.46,303.725656565657,0.743179321289062,12105,144,1182.12890625,0.750268779784207,0.0004326067,1.63016129344444e-10
"SPeec4","EE",0.05,86,47,0.089878121642177,0.0114048470515777,82.44,68.2892929292929,0.37843888158286,1212,84,1212,14.2196209222679,0.003425345,1.28663509166667e-08
"SPeec4","EE",0.5,86,97,0.482122791107805,0.0811965236351075,84.81,58.8221212121212,0.37843888158286,1212,84,1212,3.01016706351563,0.00610161,2.68975811911111e-07
"SPeec4","EE",0.99,86,98,0.590344478398175,0.0839225515132833,83.29,73.7433333333333,0.37843888158286,1212,84,1212,0.744062779018535,0.0028649,1.91674528222222e-08
"SPeec4","EI",0.05,86,38,0.0540544272712066,0.00387134252255387,209.34,158.650909090909,0.37843888158286,1212,84,1212,14.2196209222679,0.003425345,1.28663509166667e-08
"SPeec4","EI",0.5,86,90,0.386104111577689,0.0697543886318828,63.1,64.7979797979798,0.37843888158286,1212,84,1212,3.01016706351563,0.00610161,2.68975811911111e-07
"SPeec4","EI",0.99,86,39,0.106754832972237,0.0338934954065431,21.11,19.8766666666667,0.37843888158286,1212,84,1212,0.744062779018535,0.0028649,1.91674528222222e-08
"SPeec5","EE",0.05,77,98,0.698939931848585,0.0867161963487421,75.23,64.320303030303,0.67888901166382,1107,74,1107,14.8110329944685,0.003637219,2.02280881433333e-08
"SPeec5","EE",0.5,77,13,0.0223861128392984,0.00178522275891429,71.67,52.5869696969697,0.67888901166382,1107,74,1107,3.13597466003291,0.005098162,7.54021479733333e-08
"SPeec5","EE",0.99,77,12,0.0236185992142384,0.00142048789226657,76.16,47.4690909090909,0.67888901166382,1107,74,1107,0.775389772115469,0.002576861,2.77825030322222e-08
"SPeec5","EI",0.05,77,100,0.463522082565166,0.0371656653247318,287.27,197.976868686869,0.67888901166382,1107,74,1107,14.8110329944685,0.003637219,2.02280881433333e-08
"SPeec5","EI",0.5,77,63,0.133172281498404,0.0201838853959828,94.5,61.3636363636364,0.67888901166382,1107,74,1107,3.13597466003291,0.005098162,7.54021479733333e-08
"SPeec5","EI",0.99,77,16,0.0287239373124766,0.00268687895965828,30.03,23.5647474747475,0.67888901166382,1107,74,1107,0.775389772115469,0.002576861,2.77825030322222e-08
"SPpecb1","EE",0.05,224,0,5.87199622259504e-12,5.53341069459915e-22,219.8,202.848484848485,0.992253133238622,11507,221,1123.73046875,14.8154378691791,0.002104062,5.6770292888889e-10
"SPpecb1","EE",0.5,224,31,0.064317087473703,0.0108162279432427,217.78,171.385454545455,0.992253133238622,11507,221,1123.73046875,3.11649679377621,0.00195451,7.26539866666668e-10
"SPpecb1","EE",0.99,224,34,0.0542037992466455,0.00704592674444328,222.67,158.182929292929,0.992253133238622,11507,221,1123.73046875,0.765047533577715,0.0007665102,2.16559017955555e-10
"SPpecb1","EI",0.05,224,0,0,0,4692.12,2104.30868686869,0.992253133238622,11507,221,1123.73046875,14.8154378691791,0.002104062,5.6770292888889e-10
"SPpecb1","EI",0.5,224,0,0,0,2343.1,1440.07070707071,0.992253133238622,11507,221,1123.73046875,3.11649679377621,0.00195451,7.26539866666668e-10
"SPpecb1","EI",0.99,224,0,2.52119436439102e-13,1.0834509629805e-24,867.28,507.153131313131,0.992253133238622,11507,221,1123.73046875,0.765047533577715,0.0007665102,2.16559017955555e-10
"SPpei1","EE",0.05,172,76,0.301200138742571,0.0912525491005733,166.41,120.830202020202,0.969241860061788,3060,165,1545.45454545455,12.6468863502445,0.0055343,1.02811228222222e-08
"SPpei1","EE",0.5,172,80,0.253519257465964,0.0532068008452217,164.17,109.031414141414,0.969241860061788,3060,165,1545.45454545455,2.66644589433207,0.006093767,2.60940177344445e-08
"SPpei1","EE",0.99,172,91,0.278774018594657,0.0412533976660487,168.57,85.6819191919192,0.969241860061788,3060,165,1545.45454545455,0.652034445734096,0.002324362,1.24194024177778e-08
"SPpei1","EI",0.05,172,0,1.11022302462516e-18,1.23259516440784e-34,1094.91,561.274646464646,0.969241860061788,3060,165,1545.45454545455,12.6468863502445,0.0055343,1.02811228222222e-08
"SPpei1","EI",0.5,172,37,0.0666157777596334,0.00796869561628038,379.7,280.191919191919,0.969241860061788,3060,165,1545.45454545455,2.66644589433207,0.006093767,2.60940177344445e-08
"SPpei1","EI",0.99,172,87,0.234928600745507,0.0400887256350077,128.28,111.900606060606,0.969241860061788,3060,165,1545.45454545455,0.652034445734096,0.002324362,1.24194024177778e-08
"SPpesm6","EE",0.05,88,78,0.251371329574072,0.057828753126029,85.35,71.7651515151515,0.629775694761977,1891,87,1891,11.3608820211105,0.008344519,2.00607254322222e-08
"SPpesm6","EE",0.5,88,100,0.630236060387515,0.0725646776295982,87.44,55.6832323232323,0.629775694761977,1891,87,1891,2.40493176240163,0.005816371,3.67848161877778e-08
"SPpesm6","EE",0.99,88,85,0.229053822589884,0.0426106580170156,83.45,45.8459595959596,0.629775694761977,1891,87,1891,0.585970617071113,0.001425747,5.49231806777778e-09
"SPpesm6","EI",0.05,88,0,0.00041855704733381,1.50830816742797e-07,393.88,192.631919191919,0.629775694761977,1891,87,1891,11.3608820211105,0.008344519,2.00607254322222e-08
"SPpesm6","EI",0.5,88,100,0.789508529004862,0.0379042667847724,121.08,97.7309090909091,0.629775694761977,1891,87,1891,2.40493176240163,0.005816371,3.67848161877778e-08
"SPpesm6","EI",0.99,88,78,0.24255368449291,0.0570845444380987,39.76,29.719595959596,0.629775694761977,1891,87,1891,0.585970617071113,0.001425747,5.49231806777778e-09
"SPpesmA","EE",0.05,84,69,0.149718779539898,0.0325586180315651,81.66,82.3276767676768,0.658259844116084,1670,84,1670,12.0884659260607,0.006677248,2.60652538622223e-08
"SPpesmA","EE",0.5,84,98,0.476572850447052,0.0938100303028317,84.65,76.9570707070707,0.658259844116084,1670,84,1670,2.5506991177154,0.005279299,5.56918446988889e-08
"SPpesmA","EE",0.99,84,99,0.622869081444223,0.0728633250949409,87.84,59.7721212121212,0.658259844116084,1670,84,1670,0.633716265869013,0.002056327,2.02454859344445e-08
"SPpesmA","EI",0.05,84,0,0.000821014762711838,5.04633189681227e-07,370.79,269.965555555556,0.658259844116084,1670,84,1670,12.0884659260607,0.006677248,2.60652538622223e-08
"SPpesmA","EI",0.5,84,100,0.735544208149531,0.0493094644504776,118.11,89.6342424242424,0.658259844116084,1670,84,1670,2.5506991177154,0.005279299,5.56918446988889e-08
"SPpesmA","EI",0.99,84,80,0.325025307808906,0.0807586379349264,39.15,38.3712121212121,0.658259844116084,1670,84,1670,0.633716265869013,0.002056327,2.02454859344445e-08
"SPpesmB","EE",0.05,134,100,0.48122227881589,0.0551239881013442,131.09,146.850404040404,0.978518078724858,1076,132,1076,15.0191758844127,0.006510784,2.34462614711111e-08
"SPpesmB","EE",0.5,134,87,0.302614073409235,0.0676692054872571,131.67,108.364747474747,0.978518078724858,1076,132,1076,3.19108152862479,0.01603251,5.64624056555555e-07
"SPpesmB","EE",0.99,134,80,0.271539813379258,0.0636190465098072,130.04,110.867070707071,0.978518078724858,1076,132,1076,0.77783292312402,0.006741616,1.3035901676e-07
"SPpesmB","EI",0.05,134,0,0.00219300034831315,1.41103540916988e-05,353.17,240.061717171717,0.978518078724858,1076,132,1076,15.0191758844127,0.006510784,2.34462614711111e-08
"SPpesmB","EI",0.5,134,95,0.411329545571249,0.0760255741117611,119.56,94.5923232323232,0.978518078724858,1076,132,1076,3.19108152862479,0.01603251,5.64624056555555e-07
"SPpesmB","EI",0.99,134,24,0.044958527036385,0.00438848261187189,41.28,29.6177777777778,0.978518078724858,1076,132,1076,0.77783292312402,0.006741616,1.3035901676e-07
"SPpesmC","EE",0.05,131,95,0.470730563525783,0.0735610116544509,106.1,81.8484848484848,0.983950458881778,1061,107,1061,15.4758326938897,0.00507988,5.60776733333333e-08
"SPpesmC","EE",0.5,131,94,0.369574675823351,0.0716587275798037,105.83,61.6374747474747,0.983950458881778,1061,107,1061,3.21139138609914,0.01107301,2.60301721e-07
"SPpesmC","EE",0.99,131,94,0.398964634790636,0.0865915114254617,109.24,82.3862626262626,0.983950458881778,1061,107,1061,0.789090536790544,0.004707157,1.66964900677778e-08
"SPpesmC","EI",0.05,131,0,0.000315011687845611,2.36660245081971e-07,355.5,176.131313131313,0.983950458881778,1061,107,1061,15.4758326938897,0.00507988,5.60776733333333e-08
"SPpesmC","EI",0.5,131,100,0.730876867209999,0.0638533513413662,119.18,92.8157575757576,0.983950458881778,1061,107,1061,3.21139138609914,0.01107301,2.60301721e-07
"SPpesmC","EI",0.99,131,37,0.0621899215469586,0.00967904694953254,40.41,38.850404040404,0.983950458881778,1061,107,1061,0.789090536790544,0.004707157,1.66964900677778e-08
"SPpesmD","EE",0.05,155,100,0.566510182497784,0.0689589663447185,147.68,106.866262626263,0.988788711304557,1262,148,1262,14.0887083135117,0.006580011,7.71986511877778e-08
"SPpesmD","EE",0.5,155,24,0.0502518056708492,0.00685896631370807,146.95,81.7247474747475,0.988788711304557,1262,148,1262,2.9373503586597,0.01558934,2.85666849333333e-07
"SPpesmD","EE",0.99,155,22,0.0399521219759408,0.00367320117216659,148.99,90.4948484848485,0.988788711304557,1262,148,1262,0.720390523783413,0.006652543,8.4173433401111e-08
"SPpesmD","EI",0.05,155,0,0.00758628731075353,3.0934378636636e-05,399.31,195.771616161616,0.988788711304557,1262,148,1262,14.0887083135117,0.006580011,7.71986511877778e-08
"SPpesmD","EI",0.5,155,48,0.0939227222149363,0.0141377199521629,134.28,121.233939393939,0.988788711304557,1262,148,1262,2.9373503586597,0.01558934,2.85666849333333e-07
"SPpesmD","EI",0.99,155,4,0.00975178280725719,0.000328128570904853,45.34,45.7014141414141,0.988788711304557,1262,148,1262,0.720390523783413,0.006652543,8.4173433401111e-08
"SPpesmE","EE",0.05,142,95,0.403514400396311,0.067098210380902,139.02,111.433939393939,0.994366533447583,1225,138,1225,14.1888744475654,0.005986501,3.16349306544444e-08
"SPpesmE","EE",0.5,142,100,0.516134570658055,0.0779005915128405,135.56,61.6024242424242,0.994366533447583,1225,138,1225,2.98715808263535,0.013838,4.88939053333333e-07
"SPpesmE","EE",0.99,142,99,0.506883585773171,0.0840814434628553,139.15,71.9671717171717,0.994366533447583,1225,138,1225,0.733780415776597,0.006220437,9.84874345344444e-08
"SPpesmE","EI",0.05,142,0,0.000247795578657975,2.41659358274607e-07,388.57,186.328383838384,0.994366533447583,1225,138,1225,14.1888744475654,0.005986501,3.16349306544444e-08
"SPpesmE","EI",0.5,142,99,0.641905737019279,0.0748071776075929,132.6,67.1313131313131,0.994366533447583,1225,138,1225,2.98715808263535,0.013838,4.88939053333333e-07
"SPpesmE","EI",0.99,142,31,0.0485834500930082,0.0057742471150077,44,28.7676767676768,0.994366533447583,1225,138,1225,0.733780415776597,0.006220437,9.84874345344444e-08
"SPpesmF","EE",0.05,104,97,0.425117837383436,0.0589621105417256,99.44,86.4307070707071,0.977848996135357,1360,98,1360,13.6034088764296,0.003849596,1.27920123155556e-08
"SPpesmF","EE",0.5,104,96,0.380694029979669,0.0764166018341489,100.64,47.6670707070707,0.977848996135357,1360,98,1360,2.8308550386673,0.006844957,2.01927587334444e-07
"SPpesmF","EE",0.99,104,88,0.32075306385795,0.0621481801127987,99.98,55.2925252525253,0.977848996135357,1360,98,1360,0.694856048926052,0.002928692,1.84381017288889e-08
"SPpesmF","EI",0.05,104,0,7.39804102257868e-05,1.24492427671365e-08,416.69,231.30696969697,0.977848996135357,1360,98,1360,13.6034088764296,0.003849596,1.27920123155556e-08
"SPpesmF","EI",0.5,104,100,0.87769798773448,0.0306841132718052,138.23,85.1889898989899,0.977848996135357,1360,98,1360,2.8308550386673,0.006844957,2.01927587334444e-07
"SPpesmF","EI",0.99,104,57,0.139034379476788,0.0257594669863393,47.1,40.6767676767677,0.977848996135357,1360,98,1360,0.694856048926052,0.002928692,1.84381017288889e-08
"SPpesmG","EE",0.05,151,100,0.411006115445699,0.0458105164270058,147.84,102.741818181818,0.998040177040466,1494,148,1494,12.8112443042612,0.005616226,1.94832122044445e-08
"SPpesmG","EE",0.5,151,69,0.189659957484432,0.0425530618296643,149.26,78.9620202020202,0.998040177040466,1494,148,1494,2.69823526284744,0.01428634,4.40875078222222e-07
"SPpesmG","EE",0.99,151,79,0.205868344374104,0.0370207596961092,150.18,94.5127272727273,0.998040177040466,1494,148,1494,0.663284728871164,0.005237613,6.68512564011111e-08
"SPpesmG","EI",0.05,151,0,0.00120066715770482,1.23837755751857e-06,441.97,242.918282828283,0.998040177040466,1494,148,1494,12.8112443042612,0.005616226,1.94832122044445e-08
"SPpesmG","EI",0.5,151,98,0.473499362439442,0.0830438118580846,149.37,107.366767676768,0.998040177040466,1494,148,1494,2.69823526284744,0.01428634,4.40875078222222e-07
"SPpesmG","EI",0.99,151,18,0.0429168230272459,0.0105189842709248,50.65,36.4722222222222,0.998040177040466,1494,148,1494,0.663284728871164,0.005237613,6.68512564011111e-08
"SPpesmI","EE",0.05,204,100,0.827751917916303,0.0516485320431456,188.1,169.10101010101,0.999741863075196,1963,186,1963,11.0722759979044,0.00636326,1.912052456e-07
"SPpesmI","EE",0.5,204,84,0.281296898751103,0.0490340319391608,186.06,113.612525252525,0.999741863075196,1963,186,1963,2.3570472733559,0.01390961,3.69326863222223e-07
"SPpesmI","EE",0.99,204,92,0.38590729242797,0.0692055384161143,188.2,94.2424242424242,0.999741863075196,1963,186,1963,0.578220133857733,0.00514989,1.79941443111111e-08
"SPpesmI","EI",0.05,204,0,5.51916012859333e-05,1.06063029247481e-08,533.08,254.256161616162,0.999741863075196,1963,186,1963,11.0722759979044,0.00636326,1.912052456e-07
"SPpesmI","EI",0.5,204,95,0.457056996422031,0.0792219073777938,174.98,142.120808080808,0.999741863075196,1963,186,1963,2.3570472733559,0.01390961,3.69326863222223e-07
"SPpesmI","EI",0.99,204,5,0.0104875479920648,0.000524810569443231,59.07,51.479898989899,0.999741863075196,1963,186,1963,0.578220133857733,0.00514989,1.79941443111111e-08
"SPpesmJ","EE",0.05,206,97,0.559030941011705,0.0838204423925214,189.16,147.206464646465,0.999736929472974,1742,187,1742,11.8331767248263,0.006910793,1.37001927512222e-07
"SPpesmJ","EE",0.5,206,98,0.491321207616292,0.062312009831722,185.62,113.530909090909,0.999736929472974,1742,187,1742,2.51793457974802,0.01653406,6.45435433777778e-07
"SPpesmJ","EE",0.99,206,100,0.588568581945596,0.0628637270991572,186.42,109.094545454545,0.999736929472974,1742,187,1742,0.618482271909625,0.006047038,6.55578134177778e-08
"SPpesmJ","EI",0.05,206,0,1.45783401484079e-06,8.84951138039839e-12,496.27,262.704141414141,0.999736929472974,1742,187,1742,11.8331767248263,0.006910793,1.37001927512222e-07
"SPpesmJ","EI",0.5,206,96,0.360226121350953,0.054795974867333,165.62,154.13696969697,0.999736929472974,1742,187,1742,2.51793457974802,0.01653406,6.45435433777778e-07
"SPpesmJ","EI",0.99,206,11,0.0249858631330699,0.00438448921377974,55.72,50.3450505050505,0.999736929472974,1742,187,1742,0.618482271909625,0.006047038,6.55578134177778e-08
"SPpesmK","EE",0.05,189,94,0.414712057637593,0.0836372904634727,162.17,188.99101010101,1,1796,162,1796,11.666817939412,0.005486854,6.44305722711111e-08
"SPpesmK","EE",0.5,189,12,0.0232127545879689,0.00175813121062345,160.1,85.8888888888889,1,1796,162,1796,2.48155542585035,0.01231562,1.17613366222222e-07
"SPpesmK","EE",0.99,189,13,0.0239962742860727,0.00165431209454437,160.79,74.8544444444444,1,1796,162,1796,0.602474650468035,0.004550122,1.92004323733333e-08
"SPpesmK","EI",0.05,189,0,0.00235887726799435,1.85831480754832e-05,504.25,256.411616161616,1,1796,162,1796,11.666817939412,0.005486854,6.44305722711111e-08
"SPpesmK","EI",0.5,189,65,0.126112593994844,0.0146059716779337,168.53,123.524343434343,1,1796,162,1796,2.48155542585035,0.01231562,1.17613366222222e-07
"SPpesmK","EI",0.99,189,2,0.00489097378916015,0.000208607264420257,56.41,41.2140404040404,1,1796,162,1796,0.602474650468035,0.004550122,1.92004323733333e-08
